(0, 1, 2, 3, 4, 5, 6) : [(4956350808526882103), (4665103756170311014), (2879289109038866704), (11279794763508077807), (17536089927571604939), (13741015968529866384)]
(0, 1, 2, 3, 4, 5, 7) : [(10237959967116841113), (18064263092105378771), (10851096527413789968), (11614308219342252650), (18006113497905605890), (13561665458283758349)]
(0, 1, 2, 3, 4, 5, 8) : [(15345923676370113950), (15771416913268439205), (7328597717234196912), (14951082729797008661), (17621996816318266971), (2197220445918080219)]
(0, 1, 2, 3, 4, 5, 9) : [(10660577398576258518), (8906982547097511790), (5244600752599358022), (3817521751049186899), (7840172112785340048), (3268439939134554643)]
(0, 1, 2, 3, 4, 5, 10) : [(17287815777728411933), (2677837582611081272), (17678545296117733328), (13939321662293854630), (10821092064456734393), (12262236902938840406)]
(0, 1, 2, 3, 4, 5, 11) : [(11807429921459807806), (11935725017270685866), (13001450345696295844), (12286802146319583268), (10851943165073485760), (13665810940804281583)]
(0, 1, 2, 3, 4, 5, 12) : [(16702033588415285454), (9799536172288437009), (1306391525558695466), (4480380500192774915), (8672972171766393540), (14683271048643121180)]
(0, 1, 2, 3, 4, 5, 13) : [(17607162451215752087), (16644066418550741967), (18254170921666376795), (8293354632736126339), (15783906034018191861), (9227149572248303492)]
(0, 1, 2, 3, 4, 5, 14) : [(5559386951607798369), (4787748061364093173), (10091525194690472141), (11799733298166264147), (4431089093065991791), (3364023109032795452)]
(0, 1, 2, 3, 4, 5, 15) : [(13202118564179492605), (9842889143023358723), (18365705452023160704), (7631198354371747470), (4153733170803292195), (2453535919451202082)]
(0, 1, 2, 3, 4, 6, 7) : [(249938713714390975), (10243167890393101733), (17803334824647247062), (4062486557154198102), (7810080191707516939), (4603790802306002257)]
(0, 1, 2, 3, 4, 6, 8) : [(11329972539451425979), (13191415908229106665), (11391731313751274811), (13405293157557655682), (16688972676005770399), (12852394826991479315)]
(0, 1, 2, 3, 4, 6, 9) : [(13939109730633210457), (17213028978273843341), (8909104978917099643), (9768463288829192614), (13461048344082051935), (6540229610831260437)]
(0, 1, 2, 3, 4, 6, 10) : [(6013056626721126882), (14509830935406319092), (15283916911216109187), (10161037469842422806), (11609642036585935844), (1836810797467004823)]
(0, 1, 2, 3, 4, 6, 11) : [(11160327417155531739), (349808283253455172), (3413166107032161542), (2563833603186212643), (12728114161698663555), (1056220162623292721)]
(0, 1, 2, 3, 4, 6, 12) : [(11272510024514580861), (13600028592904458432), (1391309256936383876), (13481908206463177977), (9995065622443691284), (2065896006295079146)]
(0, 1, 2, 3, 4, 6, 13) : [(13680387535720655306), (3765463316298053808), (6187656165295042667), (15813272299537934661), (14008151553724759475), (10743146893331749044)]
(0, 1, 2, 3, 4, 6, 14) : [(10186200088628046837), (18052124535484839313), (4586719824081923399), (16277946378925472034), (17592750353070549420), (6720662629375364426)]
(0, 1, 2, 3, 4, 6, 15) : [(8519823082454600206), (18403122458369337588), (5836704399557094215), (1489008090312592564), (5765701416712409635), (329237122088872118)]
(0, 1, 2, 3, 4, 7, 8) : [(11498429819941718297), (3294237947533701453), (10582751149833443646), (4209667445676272410), (17040514870011817506), (12265972924533398191)]
(0, 1, 2, 3, 4, 7, 9) : [(8731709784353587183), (9900186238463502462), (4960881852522142160), (8246997808047489918), (13501793943375754401), (1520892129899851537)]
(0, 1, 2, 3, 4, 7, 10) : [(10128323366635053039), (12484720086927569035), (3319627534895252588), (6531579506998234294), (10792998730836325832), (10417274556219237836)]
(0, 1, 2, 3, 4, 7, 11) : [(4692171528259949910), (12720363207741230120), (6555897975049918454), (10320377407470535238), (11726927100072684459), (17819679217461702471)]
(0, 1, 2, 3, 4, 7, 12) : [(8205624348835418836), (13991670163281897575), (15023242443639633654), (4596874284027382918), (13580636015965210256), (3631201479634974541)]
(0, 1, 2, 3, 4, 7, 13) : [(15011274602326150983), (15855625253678743150), (4703325725776248623), (848088388977372732), (15672407744392815204), (4438093646977377785)]
(0, 1, 2, 3, 4, 7, 14) : [(7818243531570721247), (16945676216903777568), (15354567670253348359), (6387921877120346011), (16655652847084251253), (15017664397055712878)]
(0, 1, 2, 3, 4, 7, 15) : [(12072847903057321042), (12876259599638083886), (16559357871524012231), (6647768352408857088), (4972107475672650286), (1770113863742566795)]
(0, 1, 2, 3, 4, 8, 9) : [(13328142548656265214), (16485707677334607267), (4008514118419123753), (15733574178223550756), (15044899541036239586), (18408802263375541144)]
(0, 1, 2, 3, 4, 8, 10) : [(3354423186176222072), (9055126183633945137), (3629800259972476613), (3098190495082321072), (3443538430404354746), (17845773005636751336)]
(0, 1, 2, 3, 4, 8, 11) : [(2254622106963544420), (17689066959185608091), (2148007605898169811), (797138441381529041), (13321276644872592403), (17184210239863348424)]
(0, 1, 2, 3, 4, 8, 12) : [(579300052413619250), (6730046566045962599), (9938550182041029787), (15209729568168377555), (16590304802231213337), (4348969002417433178)]
(0, 1, 2, 3, 4, 8, 13) : [(850505075479460281), (5205706677867604036), (7832774581669232589), (11418445172415869500), (14815343936464918762), (1650439002207091540)]
(0, 1, 2, 3, 4, 8, 14) : [(11423389774314433509), (15860836051874620889), (317535344804332870), (5698044104631049163), (16671071437529435858), (17049638517918219076)]
(0, 1, 2, 3, 4, 8, 15) : [(14602134091537741353), (3811397191421843155), (6619028873717144524), (6836357665950010254), (10286474520017080207), (9599005595489202291)]
(0, 1, 2, 3, 4, 9, 10) : [(14506381176020931086), (5997021703552562650), (731076133202299912), (10249505523690708677), (2064289838531912799), (1731503955771853433)]
(0, 1, 2, 3, 4, 9, 11) : [(1971221430855629603), (13959529862859435000), (13474071806636096849), (676669551624231483), (8626449402541223077), (6174097161785314987)]
(0, 1, 2, 3, 4, 9, 12) : [(12756246709215305376), (279054213698754121), (16125988758612343045), (12818034231060556517), (9493903897475634941), (7749564983801838527)]
(0, 1, 2, 3, 4, 9, 13) : [(12079262745506205353), (10528839293091680139), (13086775998741560645), (15946832699607783436), (11991335190034858848), (6062650335372162865)]
(0, 1, 2, 3, 4, 9, 14) : [(7749977548519951523), (6400741285689699382), (4999729422109050602), (403717286507026045), (2201555062136857387), (1249529960804461596)]
(0, 1, 2, 3, 4, 9, 15) : [(16946599216121460113), (8836476453058291540), (9447103523751556536), (3682135713967528257), (15418427375338260664), (12950494454940788486)]
(0, 1, 2, 3, 4, 10, 11) : [(14354009101251591149), (3471053890011847882), (18373024660305562357), (12532223199092289850), (3829490619248044889), (13433266565089872621)]
(0, 1, 2, 3, 4, 10, 12) : [(2011655481306653116), (13571952786068797040), (12629793741144778085), (3666877714046904633), (5319484227514309794), (11721796953198936890)]
(0, 1, 2, 3, 4, 10, 13) : [(5512556705437812616), (1593132452940561774), (8215977571370850818), (15071459431491266178), (15753310224991299856), (17564957524213473805)]
(0, 1, 2, 3, 4, 10, 14) : [(15600854468571988605), (6072313502911433564), (1750052210998407870), (13089887574054830132), (10404321034962422649), (6946469395271231962)]
(0, 1, 2, 3, 4, 10, 15) : [(14406154174541269475), (13034061214142873198), (6627365986740952436), (9551425991067427155), (4098682674393097161), (10638076420064896842)]
(0, 1, 2, 3, 4, 11, 12) : [(5037801763925407146), (12178230793499435435), (12655684227031640900), (14530513739680201532), (4306587711812323720), (16501502853048891251)]
(0, 1, 2, 3, 4, 11, 13) : [(3493396432381597259), (5935348338467040839), (13881894722140939950), (1689290832390501543), (1976898821293654163), (3592575519654785491)]
(0, 1, 2, 3, 4, 11, 14) : [(8643008773247458348), (9930356234578000793), (14687391960821317842), (15656841183049223883), (1273781547520896747), (1181011791962768559)]
(0, 1, 2, 3, 4, 11, 15) : [(5554130383609506586), (896210917004291976), (15351455618975573667), (4177569171769785782), (17722903651077864631), (17550080652260412122)]
(0, 1, 2, 3, 4, 12, 13) : [(9178568056795620023), (4805736895100834586), (3814756885660785940), (1682034064854922429), (15315147308526748159), (3388891933304612432)]
(0, 1, 2, 3, 4, 12, 14) : [(18217931542488415719), (874976556139985725), (10543605104750237215), (17444670791171101045), (14714085929215934367), (1340938908256023365)]
(0, 1, 2, 3, 4, 12, 15) : [(17778554043256958536), (4692889422752068556), (8675470806828709379), (2274839614961404315), (16303143083130240309), (10983652479038135063)]
(0, 1, 2, 3, 4, 13, 14) : [(5840744180163066409), (10145558163615937461), (11737010660215935465), (13990228680719407947), (5162398237979923122), (8180716404895929406)]
(0, 1, 2, 3, 4, 13, 15) : [(5280303052262077894), (8347061262072082678), (17949176496201450081), (4626952875739755604), (10641633930608311289), (13723133132505965985)]
(0, 1, 2, 3, 4, 14, 15) : [(5797007280623749416), (15833521239191550516), (16588756202829821998), (10833442016349607123), (9824352228901415978), (13838520371502298498)]
(0, 1, 2, 3, 5, 6, 7) : [(9093974649748906756), (16386057567069619677), (6853542014421586212), (12274695305935048159), (13016402901278383609), (8303822033060773801)]
(0, 1, 2, 3, 5, 6, 8) : [(9815649356368289538), (4126285472122402535), (429414214580479082), (15471875469497153122), (4818030359381545799), (2590878886549901290)]
(0, 1, 2, 3, 5, 6, 9) : [(13572384150893478932), (3480883879633030852), (7620235117303783196), (18334238162761635322), (15268566116600507230), (6168273630853356537)]
(0, 1, 2, 3, 5, 6, 10) : [(12364262455635691753), (2329986219524030458), (364797131920395319), (3717499897918135526), (2213088012363873995), (6326241652577161227)]
(0, 1, 2, 3, 5, 6, 11) : [(6822006363584894949), (1089828259654813098), (12586602045405753120), (15376464228393652822), (535284057761674265), (12652147341559335275)]
(0, 1, 2, 3, 5, 6, 12) : [(17599540231098272888), (332372568833997104), (15671137865501754480), (4692758106903769099), (5518314826016560085), (7328634522437366461)]
(0, 1, 2, 3, 5, 6, 13) : [(8647651830970028641), (1905255087128649057), (8580832570773021332), (12316630124499644434), (17240056620888896046), (1426129942493114854)]
(0, 1, 2, 3, 5, 6, 14) : [(10431939149509949845), (10243918180303082685), (13724509552399002992), (7008947879350006631), (7318349394648213803), (12974495991233017292)]
(0, 1, 2, 3, 5, 6, 15) : [(9845630631390151968), (7928811186692029396), (16867999625153171322), (16132779684275504295), (12055407452518031807), (6523999916416556909)]
(0, 1, 2, 3, 5, 7, 8) : [(16449010415422069507), (3878123699891674967), (16617707663082275989), (9424481597290243422), (176635386535081732), (3099664506865267368)]
(0, 1, 2, 3, 5, 7, 9) : [(9328525275235834087), (17135737202355438068), (18022670900891625766), (8682214333154307109), (13351787752348349111), (5150384562629379548)]
(0, 1, 2, 3, 5, 7, 10) : [(7797288369040441572), (3484472799511017468), (15285142370812079923), (3346859328472067456), (12912044871465647066), (8985197558965851180)]
(0, 1, 2, 3, 5, 7, 11) : [(10055280820244091314), (15532128169000583624), (13952671616047258587), (15357362706221122360), (147525290092511162), (733629890062914573)]
(0, 1, 2, 3, 5, 7, 12) : [(14934399996747321744), (14477369441839426066), (13365742275844065164), (8290830500766055290), (17121694637229072866), (8931343821281478937)]
(0, 1, 2, 3, 5, 7, 13) : [(12696637179487845623), (16057026907820784755), (8443483128415549312), (3047421704206129233), (4636696869969075768), (1746842263991379414)]
(0, 1, 2, 3, 5, 7, 14) : [(10052232199259541757), (8896012796089058677), (10464264193018545438), (2080536136957082470), (10720601378188349183), (17897009746387345636)]
(0, 1, 2, 3, 5, 7, 15) : [(9189574339566954629), (11231695042440505357), (17773463514380045925), (15072059514360011227), (9590557541653844511), (17502649893596399846)]
(0, 1, 2, 3, 5, 8, 9) : [(1644844801788449059), (7751849358111205786), (17964469534502607971), (11827551575858577643), (7016205166257811153), (10197760986957497733)]
(0, 1, 2, 3, 5, 8, 10) : [(10049394985695606893), (10817773677778287371), (328667453314432105), (4918932615932493993), (3036197958471175769), (6724144962607387528)]
(0, 1, 2, 3, 5, 8, 11) : [(13690109389270249316), (14508232138905149755), (1422536309000904415), (2334031784994102854), (9559934467345904052), (7668953932442014088)]
(0, 1, 2, 3, 5, 8, 12) : [(2330594461588611503), (294986986521505878), (8655359072844680803), (6063431241786914461), (14607874459953667073), (18390750903355032174)]
(0, 1, 2, 3, 5, 8, 13) : [(17710875440501864634), (7709192490445440833), (11681067143613518859), (5082293983414005440), (17402499002325750466), (12680691623085307388)]
(0, 1, 2, 3, 5, 8, 14) : [(11206502029320035372), (8823234555817236305), (1001721386429007691), (4638352232282590838), (1998221089546532986), (975671974316855675)]
(0, 1, 2, 3, 5, 8, 15) : [(13176366645070543682), (16012525411443827143), (14280639171381000152), (13338985696943505303), (2775136546667201532), (3182592528750766809)]
(0, 1, 2, 3, 5, 9, 10) : [(4970161111220763901), (9062234797863673531), (3459794139710526506), (11423956979776337420), (1747927165660926750), (10346852259122117338)]
(0, 1, 2, 3, 5, 9, 11) : [(8371204165161862099), (502291036378389933), (15168890305933687106), (4054926066994635989), (14209145644042034864), (18137662635128500816)]
(0, 1, 2, 3, 5, 9, 12) : [(7976114003342066216), (8597378722274292598), (10600093629405086950), (5492340482346936724), (4044146132330291094), (4953738647567399705)]
(0, 1, 2, 3, 5, 9, 13) : [(5510419723208258300), (1527840262828222182), (2191245813961743753), (9021143947029334736), (7104652814840446976), (8838117904441126530)]
(0, 1, 2, 3, 5, 9, 14) : [(7666032466379025699), (13147844032933266123), (16432827879994199625), (5805381069784042332), (3221126625100058543), (2334186105391097417)]
(0, 1, 2, 3, 5, 9, 15) : [(17406290324188855859), (1111777428255353069), (9230085532856632580), (7256733949552237674), (4091778135203129707), (3444469478862236965)]
(0, 1, 2, 3, 5, 10, 11) : [(8802117542749176336), (5703127332304419242), (16844047983562902462), (4350592488180145999), (1480337801751388906), (6740414525749363398)]
(0, 1, 2, 3, 5, 10, 12) : [(8604326704672944775), (4565796622147446606), (13157532271033126583), (689684815197113019), (8185082588037842350), (16913318938032093862)]
(0, 1, 2, 3, 5, 10, 13) : [(15793222544134490657), (8683878512603203670), (6050009103842298782), (5120936711831528162), (3656193798177937474), (6568155812272699479)]
(0, 1, 2, 3, 5, 10, 14) : [(13232037368627189076), (1377332839666881723), (5982060752450496314), (16600273660884235853), (10019369273583901392), (9748734809269334301)]
(0, 1, 2, 3, 5, 10, 15) : [(4661408270870979166), (15374435819005487343), (9757462789315653897), (9603881115880131225), (2716314793113782354), (4699752355202005564)]
(0, 1, 2, 3, 5, 11, 12) : [(13842605866578238461), (7639949450799153093), (13796054428743413945), (15838665890859346613), (6324060133054285018), (16616972986672837109)]
(0, 1, 2, 3, 5, 11, 13) : [(14958189443054309473), (17434535872646992202), (364525436633447347), (1703913016351278967), (10436565513572852639), (14092508618469555259)]
(0, 1, 2, 3, 5, 11, 14) : [(9058189498892834607), (6798110520994496184), (2432096308216864145), (13075410299246119309), (17431624747649191115), (1253104514767062412)]
(0, 1, 2, 3, 5, 11, 15) : [(2664950479679677552), (659143330823442902), (4188691590290511323), (11637757478321724775), (14573710797192434962), (4913574584180869526)]
(0, 1, 2, 3, 5, 12, 13) : [(5594023323903775892), (6912018309982489663), (10321107499298614005), (13290452800496756244), (190805411252816250), (17520146597520917331)]
(0, 1, 2, 3, 5, 12, 14) : [(5357217513956208443), (11033981216697606579), (2428569556565739135), (4076414486446531310), (7752877164975902392), (8360501762996174690)]
(0, 1, 2, 3, 5, 12, 15) : [(7705503042995514812), (4416471807925697644), (16251423991638140025), (16720961801499664781), (8227580628528971890), (10078807643491395171)]
(0, 1, 2, 3, 5, 13, 14) : [(17728371878305154281), (6450401372959379466), (10270738381541463423), (1817498131635990520), (11698044488526881643), (14916026334516016815)]
(0, 1, 2, 3, 5, 13, 15) : [(17664511353477831208), (12407131670782616333), (2749448891442252778), (18030472481512582837), (10532645342545665332), (14603938020015763276)]
(0, 1, 2, 3, 5, 14, 15) : [(11670121196321517163), (10820174314600035268), (17428810499331814836), (5118117022619222771), (14440688295388941904), (13208772426232926168)]
(0, 1, 2, 3, 6, 7, 8) : [(5170593218641844497), (11078266268094645104), (18209735204297737816), (13810965108819615164), (16276976498778148493), (14898757230848504148)]
(0, 1, 2, 3, 6, 7, 9) : [(9454490084861225675), (10555507789944161589), (5642824895914749999), (8878498815108771104), (6228324729066256241), (18333033470163894088)]
(0, 1, 2, 3, 6, 7, 10) : [(7228492271317557894), (12265705170713974183), (3087407929890422580), (7511865951442562049), (16186418449237139433), (5883778031857178905)]
(0, 1, 2, 3, 6, 7, 11) : [(13537067714787393475), (13941762632001563143), (18398802540533811080), (172788022294236008), (1989528911699796042), (2297189369430119709)]
(0, 1, 2, 3, 6, 7, 12) : [(7787625554642349327), (15807027384731001488), (10357118079227454481), (9518355181322975180), (2879734372500712551), (15189754464313224351)]
(0, 1, 2, 3, 6, 7, 13) : [(13704092835360048402), (4611813545638793365), (17903190403553277284), (13389611194997587241), (7720946938727470768), (4106308809179277958)]
(0, 1, 2, 3, 6, 7, 14) : [(17974946767076128172), (11437982521436094953), (7706357607087677629), (16860300408228624216), (16655691296668429931), (5091028191524430395)]
(0, 1, 2, 3, 6, 7, 15) : [(11151116040102225127), (4760444256708472156), (7279171162838476194), (2790639327034648963), (1309915056299369835), (17173397331434299291)]
(0, 1, 2, 3, 6, 8, 9) : [(14156220835225217675), (10983067744853145558), (4217218724767642642), (15039663300583327112), (8545260400750487474), (7603857322594228113)]
(0, 1, 2, 3, 6, 8, 10) : [(3893178518169711539), (8574845536292492821), (3441051122257424028), (13587352665925457400), (11327128211543235932), (6398906474242923560)]
(0, 1, 2, 3, 6, 8, 11) : [(4227258417894744819), (13352614593271331008), (16382386295177219847), (17195789183222420299), (16097378286253999284), (4502779897228274921)]
(0, 1, 2, 3, 6, 8, 12) : [(9202266098672386232), (2419475388836736920), (211399960882897366), (4482628054230898383), (13171248632798433335), (10731510841607084975)]
(0, 1, 2, 3, 6, 8, 13) : [(15858718804231275242), (12247888380194904581), (11890095929750732473), (15734924225713745407), (5163489886327249630), (10055023856500840167)]
(0, 1, 2, 3, 6, 8, 14) : [(1448451166102113043), (9913279967469231388), (873010300224247036), (16855651250367143253), (12376363643838520079), (3664179084329131447)]
(0, 1, 2, 3, 6, 8, 15) : [(2821562830909598411), (10451462246156846283), (5056018056565005449), (9570969574133556958), (18008806451779515185), (6154881106220220179)]
(0, 1, 2, 3, 6, 9, 10) : [(10984833178281334662), (11810611588366306173), (11726214594638512319), (10300289331036018378), (16115478887412446479), (2314191603565092996)]
(0, 1, 2, 3, 6, 9, 11) : [(16165057123881488110), (6675296728869826215), (5806276925489381689), (12699056977969003392), (17821472238396997420), (15683438113312006241)]
(0, 1, 2, 3, 6, 9, 12) : [(6787971987575347175), (10528316775384947638), (17832234467405524772), (9075576541568135939), (1041459592264380774), (6073690654790500841)]
(0, 1, 2, 3, 6, 9, 13) : [(11829807493205799409), (10379668629792707780), (9167153308160965343), (11897365160792702861), (14060776451095880907), (11641639748763827074)]
(0, 1, 2, 3, 6, 9, 14) : [(7501806997970505410), (1844492584555799676), (12657734192694143510), (2344578350380325911), (11277131802841069012), (3021066842324577492)]
(0, 1, 2, 3, 6, 9, 15) : [(12918239501985460681), (13512001833231676907), (11815865629358626795), (4338175059900684181), (2897214643774849636), (6341018452701223075)]
(0, 1, 2, 3, 6, 10, 11) : [(6146513253865913574), (4685686341189598324), (13385008319205356034), (14596463631843337841), (13289087300973819422), (3672813520881742706)]
(0, 1, 2, 3, 6, 10, 12) : [(4525641318108292445), (5670181721700645542), (2251347777990307984), (14252246225812358231), (4763142987315342760), (15514965547876025942)]
(0, 1, 2, 3, 6, 10, 13) : [(941658889276327775), (17750586942398521946), (17568204906716607761), (224712689888211763), (5588018663360021841), (5713445375787900444)]
(0, 1, 2, 3, 6, 10, 14) : [(16391404571299071879), (16621459208644603583), (2077406533207122196), (7613209945665402180), (18032309237654938383), (18088805692927193470)]
(0, 1, 2, 3, 6, 10, 15) : [(5325577317532901608), (3954363318104251611), (13593773538414575479), (7550849240783493772), (5662951923827933046), (3727333913567590828)]
(0, 1, 2, 3, 6, 11, 12) : [(9753748587840069903), (8568760963436479211), (4614677298387097211), (15025520705787772486), (999807246707674120), (13081027430968463722)]
(0, 1, 2, 3, 6, 11, 13) : [(10192494523077475188), (11464567673489565569), (2791545622889630721), (2468709690954275185), (11587641573145729175), (18235755433661766742)]
(0, 1, 2, 3, 6, 11, 14) : [(11599095727053817903), (13761526254438997870), (5026863627109373317), (1578133752937989127), (2804491393250850091), (15910719131219460928)]
(0, 1, 2, 3, 6, 11, 15) : [(721225749503516659), (1852202701333807089), (9286851596981065866), (5636883962937739241), (9665464907861155162), (10685868659293373894)]
(0, 1, 2, 3, 6, 12, 13) : [(18203304623781254916), (14255943420141540283), (4801857459702915628), (10648584679807712565), (17184896189388776255), (12549571174711671320)]
(0, 1, 2, 3, 6, 12, 14) : [(8760837537078336540), (11482195747482617426), (69910925035376228), (3840968817409467088), (18400999180784059539), (11806341846080681617)]
(0, 1, 2, 3, 6, 12, 15) : [(16812868150013249056), (4093099613616806811), (10418249378684709893), (3578442548069391473), (12402663769799268711), (17920102264013730939)]
(0, 1, 2, 3, 6, 13, 14) : [(10032859178981081), (12148314001831860743), (15911322705721067577), (2522208628331191284), (16197211053249436349), (4656367504088792540)]
(0, 1, 2, 3, 6, 13, 15) : [(2834281999054471465), (5777197861827829281), (4708064807809364530), (10933774588990288765), (14115946620397564400), (15232527605032099137)]
(0, 1, 2, 3, 6, 14, 15) : [(1079474290168022916), (10074036022804478094), (3015316684135336208), (4267065708204405736), (17057072168375997556), (13292121762165334571)]
(0, 1, 2, 3, 7, 8, 9) : [(3145321357324220637), (4526650808644594302), (11813961576135725453), (14122122469361264060), (15234434635930375333), (18361907751957691263)]
(0, 1, 2, 3, 7, 8, 10) : [(4850631121746821687), (11985554191281723523), (13966529778280301438), (1709073470438739943), (1009801252293717178), (11327715085588857360)]
(0, 1, 2, 3, 7, 8, 11) : [(8342116629815692603), (5040449590416626244), (12642968562756898068), (9652603367394622176), (18111452726407498740), (15130759671727703438)]
(0, 1, 2, 3, 7, 8, 12) : [(13701979564474559656), (2880175397168920574), (7399163677307385118), (7588195752888984669), (8031793258170672330), (2355131450483785974)]
(0, 1, 2, 3, 7, 8, 13) : [(14756669324484740504), (12759036799678326812), (17104853064497795580), (16262040909634956833), (2256484163256579437), (1937574412996544086)]
(0, 1, 2, 3, 7, 8, 14) : [(15251729882042167614), (6446991298316121669), (12322362161859103410), (3370558444479562037), (1173345558034554825), (11595406380704294021)]
(0, 1, 2, 3, 7, 8, 15) : [(17396390452674889239), (4257278059995463204), (6076454952480514257), (3216731920489463930), (12868454889118480395), (9561357985266235954)]
(0, 1, 2, 3, 7, 9, 10) : [(929728061024021939), (5435635502177187731), (6281502000491986466), (639217269951667347), (5384645146202300529), (12365846801126895834)]
(0, 1, 2, 3, 7, 9, 11) : [(5620986189508338533), (6110094435956692925), (4036604599481140590), (13478279023991853052), (7818970771820554001), (8202865810424563476)]
(0, 1, 2, 3, 7, 9, 12) : [(13774600992351111797), (3178640481588467918), (238808462887390075), (2676338201134604332), (17013315585246538563), (10116955627770788036)]
(0, 1, 2, 3, 7, 9, 13) : [(16190647478159779214), (5486691722316537109), (8719395622187172133), (11355260550876648686), (8318364107188478898), (1617517878668232007)]
(0, 1, 2, 3, 7, 9, 14) : [(4749299622078023103), (6832498505131479676), (17720802946652664334), (1573894417363195410), (208589878733327509), (13899663055363472671)]
(0, 1, 2, 3, 7, 9, 15) : [(9959323455647235049), (3831725942283055861), (13099554508665495043), (13169907375767679144), (4384159737280261374), (12089317442212804359)]
(0, 1, 2, 3, 7, 10, 11) : [(9923998095058219644), (14409455103869901216), (5289730107020416764), (3682745248286953662), (1809447539519662282), (13764951862489719452)]
(0, 1, 2, 3, 7, 10, 12) : [(2281744040257069406), (15947309299289526861), (5066103787147095007), (14619749471282230850), (18420344293153465110), (7463579969109564330)]
(0, 1, 2, 3, 7, 10, 13) : [(13578326742821862617), (11082305578002404708), (3487775196616710156), (6111280366543352794), (5337178158014503072), (17023344779836703954)]
(0, 1, 2, 3, 7, 10, 14) : [(4822219157960660421), (16139576163679331251), (13513114679910066061), (15934184260781526641), (18274019824078193912), (17522052356523233638)]
(0, 1, 2, 3, 7, 10, 15) : [(1095454795365763771), (16247337636907709790), (14404599751416180809), (12288664999557416487), (4271930472663525020), (6303802104300736917)]
(0, 1, 2, 3, 7, 11, 12) : [(3595201894167974018), (17217222004298646671), (17079152237012891379), (10861684550805789769), (15468363273636806054), (1398941895679768026)]
(0, 1, 2, 3, 7, 11, 13) : [(5602863572081931772), (3975474319516779989), (6490327081468863405), (14830683544217619921), (4752705658417232460), (7158743782187792221)]
(0, 1, 2, 3, 7, 11, 14) : [(3465954519754998695), (9493962613570939205), (8978188213277992920), (1084786759644041987), (5858804741352710253), (4488376895308240605)]
(0, 1, 2, 3, 7, 11, 15) : [(10803815286759278731), (5032563127492373447), (2274416543727759498), (9072391645336395185), (18339781366487971028), (3754588248233837500)]
(0, 1, 2, 3, 7, 12, 13) : [(9017687519094046418), (10615002475837678682), (9312498022451412933), (3987740157303262024), (5601827190422128901), (12711118972080383465)]
(0, 1, 2, 3, 7, 12, 14) : [(15203822419920246539), (4062180215480672892), (5289856303007210626), (826867608342383466), (2301466416926988438), (12580234709690746200)]
(0, 1, 2, 3, 7, 12, 15) : [(15359056958483032623), (12107027647475673433), (444223699098710521), (17204531965152590686), (1124662544499390504), (8540513549913153489)]
(0, 1, 2, 3, 7, 13, 14) : [(11568986539000546098), (17259887042935880874), (613978814563313644), (16428963675600807334), (14522470218505390095), (4749512755259410415)]
(0, 1, 2, 3, 7, 13, 15) : [(1442834260464829223), (6591038864915184083), (11811726835841800956), (13627858920817675600), (4984222716434203226), (3163917356435886346)]
(0, 1, 2, 3, 7, 14, 15) : [(817551360210928010), (9315059201736344691), (3972597322161443719), (4251115499558663020), (10373357721284850554), (2902391075411776437)]
(0, 1, 2, 3, 8, 9, 10) : [(6189176172951220681), (9884971697942829967), (2800793898732690059), (2717842925741821332), (6395673443550588809), (14418636243055852549)]
(0, 1, 2, 3, 8, 9, 11) : [(10646442322544314239), (13949825468275896131), (12206748992274149757), (15616053000414881391), (13683032019692797678), (5653570937714466114)]
(0, 1, 2, 3, 8, 9, 12) : [(4325364203730064130), (929468313134177473), (3421400814400054441), (15619772505120844868), (3202477966206060982), (18152706438188392556)]
(0, 1, 2, 3, 8, 9, 13) : [(2623594670389209973), (11476164645003125014), (250871772580338712), (2040722427314193268), (403672830051839650), (6625424398468537683)]
(0, 1, 2, 3, 8, 9, 14) : [(6315811229003269142), (15273535799469857379), (1565714873912918669), (15414293164116745719), (13655385787863878458), (12568528907994536997)]
(0, 1, 2, 3, 8, 9, 15) : [(13812426189693079283), (4164881886865929624), (10817080098289460360), (6535755894974375713), (4533725387185345378), (7694088021006218254)]
(0, 1, 2, 3, 8, 10, 11) : [(13684157670355867400), (6647052981554410069), (2537165050954186255), (5164834907161294511), (16069715205943781036), (12251431013677787550)]
(0, 1, 2, 3, 8, 10, 12) : [(2787415808737215528), (4491042419979905525), (2069113679096806492), (5850473132267775206), (4015117483030644457), (14410838904229360963)]
(0, 1, 2, 3, 8, 10, 13) : [(10886547258355276431), (8166225879196083735), (10989662279658801565), (13354080859055859421), (17553022956272843616), (9945344755728374749)]
(0, 1, 2, 3, 8, 10, 14) : [(16074872664174788000), (8076031575036019349), (16160895734404427693), (6377319727531830408), (11031354116055739057), (17222578816748214278)]
(0, 1, 2, 3, 8, 10, 15) : [(11387577243577264895), (9118834892019276527), (7691665115045764492), (13574770348947245083), (7003255571702600012), (13362464231222113160)]
(0, 1, 2, 3, 8, 11, 12) : [(596188021996724116), (15558494067411676625), (5407809449503761556), (12782238961206577839), (16990010128146842404), (8544807239514939927)]
(0, 1, 2, 3, 8, 11, 13) : [(13350842503420555489), (81187264283614497), (14563195175025014613), (18014269658895105288), (15184835651317162737), (12585904266676963850)]
(0, 1, 2, 3, 8, 11, 14) : [(10268138548108315273), (108540397855149056), (14303503648987134706), (2811724763102929255), (8852144457598192674), (15071206999417095014)]
(0, 1, 2, 3, 8, 11, 15) : [(15028097989314986670), (16438947216326825827), (15091939048685626804), (16131324616800118730), (15351033440706999603), (4533691530680503074)]
(0, 1, 2, 3, 8, 12, 13) : [(13978516281836385789), (3361835368404488433), (13734551055341335275), (13300550303832405945), (12757491748512868386), (14151696907252368868)]
(0, 1, 2, 3, 8, 12, 14) : [(15093498546572837799), (13728876629200805856), (2472612515582224777), (16860500272392951132), (8551249071768664570), (9878314694271265624)]
(0, 1, 2, 3, 8, 12, 15) : [(8884480559478046116), (10376227533941855481), (1771572377094146126), (463084274926016767), (16941481092753911096), (5424990179062497298)]
(0, 1, 2, 3, 8, 13, 14) : [(17488440569063475015), (6769500058625852463), (2709397138020967971), (1761198832032353684), (15323657422685998405), (10413151397097163441)]
(0, 1, 2, 3, 8, 13, 15) : [(10623011023512407114), (16182989833034895322), (16020199162357597613), (12025488553597051213), (6966661503545873976), (15055523967236486386)]
(0, 1, 2, 3, 8, 14, 15) : [(13281737749512952063), (9364731583798048051), (17194609285069037238), (15703184311614521312), (16282175197475409987), (3320598193272393799)]
(0, 1, 2, 3, 9, 10, 11) : [(1263183954983913196), (3538147093578955326), (14272319050724298501), (2059828804878857066), (11854249626121287710), (12113668907518178283)]
(0, 1, 2, 3, 9, 10, 12) : [(8596574484655337594), (14120544227403635069), (8635538941208086666), (4824483881731469237), (18366621361031144331), (9067751508194755720)]
(0, 1, 2, 3, 9, 10, 13) : [(50816754175754590), (11789438113900887847), (4338237964882753710), (16395873269392144898), (586673632286930071), (3926978628857880136)]
(0, 1, 2, 3, 9, 10, 14) : [(2842425276807152035), (13433621858896445189), (5968232669196425240), (11537131614966256917), (10474443278690898718), (16331402345294405060)]
(0, 1, 2, 3, 9, 10, 15) : [(2922572311271631119), (9650929099109503182), (5454792005644595773), (11587782231018809950), (4487619862626305229), (4103606301195708015)]
(0, 1, 2, 3, 9, 11, 12) : [(2091600876019376673), (8102459196999492724), (14874378188823278746), (1462032404503535857), (11705469456733216664), (2730497100796438932)]
(0, 1, 2, 3, 9, 11, 13) : [(10747102895639480291), (4157017494400494949), (8427769362942459545), (340328996667974262), (10730431657408704144), (3520368998314137781)]
(0, 1, 2, 3, 9, 11, 14) : [(15797054637696928227), (126845026016596379), (15725055883596172642), (16965042502409479624), (171696155507003798), (16015062618364051709)]
(0, 1, 2, 3, 9, 11, 15) : [(2873324944553589390), (9953169233977731541), (11065226619408667394), (6410650057298546640), (8702147842790818552), (12307371899683742708)]
(0, 1, 2, 3, 9, 12, 13) : [(11066083268878244643), (1691423457520196468), (11996784640558809634), (2048764616327834214), (6365646367843554135), (1668321657576593988)]
(0, 1, 2, 3, 9, 12, 14) : [(15685444713426437107), (2499150615810974478), (12993559053213728197), (12069965411951451412), (6806565495306583722), (15545325962339770608)]
(0, 1, 2, 3, 9, 12, 15) : [(11822293054751877467), (12558027435541962433), (337719939174625247), (7135664374528888063), (7069458498056772397), (8507246310459413843)]
(0, 1, 2, 3, 9, 13, 14) : [(2828834321151892823), (10781200112271282458), (16759117052176050782), (11072123459827339723), (6209065230528784816), (5882608567841480617)]
(0, 1, 2, 3, 9, 13, 15) : [(5175630522737888429), (6521379720080307015), (3437591561487408925), (1800410989398280229), (16621271463954991046), (958742012206817886)]
(0, 1, 2, 3, 9, 14, 15) : [(3320847287310783362), (743408176443712420), (2688088615932578924), (18147543458097712407), (1100541167525110054), (18058996177281477811)]
(0, 1, 2, 3, 10, 11, 12) : [(7088155569069023788), (10634061649038330467), (7271462846659730744), (11727671693257642286), (15232076999653294898), (17125307034795658620)]
(0, 1, 2, 3, 10, 11, 13) : [(4534976788610326212), (15851249666802810940), (5790816881973061940), (14708513593622263136), (6606493515584837049), (11459200681669210737)]
(0, 1, 2, 3, 10, 11, 14) : [(13856702640791353392), (13437653004776983317), (13085094750301396756), (13707227883322403311), (4936343778164030423), (12260695440014677596)]
(0, 1, 2, 3, 10, 11, 15) : [(1006522754187092822), (10068127666632886444), (8178335512194231785), (16615759435034840128), (16107336942996127879), (17267227366663336265)]
(0, 1, 2, 3, 10, 12, 13) : [(881192057844485624), (13766680312511635975), (3247445241596592674), (17259799623219801733), (3555597372337537935), (17536895795254078754)]
(0, 1, 2, 3, 10, 12, 14) : [(6040485250773823259), (16448015812281696131), (13423879827514539850), (13983159565298083283), (7577553328824327166), (17291963586903311275)]
(0, 1, 2, 3, 10, 12, 15) : [(5994586318162220269), (1212403356500409854), (1790461921122538), (3673547839438493615), (1886954230286185607), (10531314319429193306)]
(0, 1, 2, 3, 10, 13, 14) : [(9859977010585303533), (3537574734821473591), (3651440923967529509), (9476965106087679878), (1398658520428347120), (8518049519856994943)]
(0, 1, 2, 3, 10, 13, 15) : [(5468779642578465339), (9794169514671056353), (13467762829571796311), (12900517632509206769), (1167190522130509383), (11106500535591948635)]
(0, 1, 2, 3, 10, 14, 15) : [(5965032809206352885), (4020983290053873767), (7388816565444503517), (10946282207785983549), (4401082939682092736), (14762964235552027014)]
(0, 1, 2, 3, 11, 12, 13) : [(11366401923264501459), (16147638031359397250), (6497177533024732059), (15110370826592755374), (17967061515661783447), (1390787689497201208)]
(0, 1, 2, 3, 11, 12, 14) : [(9215770368274357216), (18164389641688995283), (11029313898172235165), (15118977677189472805), (13272424897659233581), (5679742894271634396)]
(0, 1, 2, 3, 11, 12, 15) : [(5836039231741626278), (13807303922140801595), (7246821277790408222), (805570871286765845), (7074515552287615283), (15900840735917515280)]
(0, 1, 2, 3, 11, 13, 14) : [(11849382141081340072), (8849726297674706656), (10420622024145585500), (4420108271418615156), (3116716815796500054), (5232939409503068104)]
(0, 1, 2, 3, 11, 13, 15) : [(14627879631516437074), (11191605838903015283), (6779835896377896656), (12738922383509801347), (913392653624257951), (6362010778160812418)]
(0, 1, 2, 3, 11, 14, 15) : [(498988768612103891), (12412822093739298628), (13550793447259977841), (15113145646075079129), (16038846798185742842), (14743458068401075133)]
(0, 1, 2, 3, 12, 13, 14) : [(16213792324053879333), (8379539826920438727), (12659790094240501978), (10316547870404149130), (17720712654396741657), (13835765067197069179)]
(0, 1, 2, 3, 12, 13, 15) : [(17306701358342092264), (6979963084097809987), (17097629243523752858), (8193042230627611372), (12450850247094542060), (5994238365265195941)]
(0, 1, 2, 3, 12, 14, 15) : [(15333833357328272854), (8081817384984790065), (4959267327548916732), (11339564854657910018), (1034579833349250762), (13836151092818421972)]
(0, 1, 2, 3, 13, 14, 15) : [(1789947394277237631), (7002647933505166519), (13802257875021239009), (15775932803189039392), (9117761160545029427), (10888612538918614062)]
(1, 0, 2, 3, 4, 5, 6) : [(13197970869229968327), (9880615812899203736), (2618077274041350706), (16276727699762784371), (14972861215295203539), (14804593541020150184)]
(1, 0, 2, 3, 4, 5, 7) : [(15922435048815167388), (6688820960721509617), (3893860641306191764), (18078898406859347460), (2382345954372804566), (15507997577967680177)]
(1, 0, 2, 3, 4, 5, 8) : [(3560722816006053664), (13514138123411234933), (6637116788234923979), (11303157932241025852), (17970988693574911198), (16098205921723717849)]
(1, 0, 2, 3, 4, 5, 9) : [(6147284496374289613), (17934423028051332792), (7039428366776968212), (8805562127369959808), (12880844277513429617), (184823062476355733)]
(1, 0, 2, 3, 4, 5, 10) : [(11680439982598781478), (15972556522936463458), (10401276131393929738), (11100515869905917676), (6897044431119008183), (13017268894745187886)]
(1, 0, 2, 3, 4, 5, 11) : [(12542560927324410243), (13885894812950304854), (1905419390499895176), (7364313572439057396), (4035495280302510112), (17777218842086740076)]
(1, 0, 2, 3, 4, 5, 12) : [(12191703998891545423), (14168114409976622078), (13318364659044512189), (1585598956162804804), (17627367570152533222), (12470119152121353877)]
(1, 0, 2, 3, 4, 5, 13) : [(16971252811846864435), (12534040786867054479), (1401563302910960153), (8365930306420068940), (60566295519198304), (3510286023447035636)]
(1, 0, 2, 3, 4, 5, 14) : [(3832620948576910832), (11387390339910684562), (12354203427834990463), (15465295199133118645), (16036424349708862663), (14254963805627112151)]
(1, 0, 2, 3, 4, 5, 15) : [(11023455372891923420), (11536874107250267561), (6757201285250153023), (11600900710636001103), (737228971266170873), (10836843108958302644)]
(1, 0, 2, 3, 4, 6, 7) : [(14354469306409441043), (10681755678296980270), (3251395433693629423), (2014204257182492895), (3188309068771462493), (6964742107308120558)]
(1, 0, 2, 3, 4, 6, 8) : [(4215711386734549146), (6500427403957391900), (10265588340502877682), (4498253017198914727), (6863244316462127329), (3985961752336471467)]
(1, 0, 2, 3, 4, 6, 9) : [(2509213373101161363), (3388723600543951151), (1242901104305028095), (9303871457506167632), (1197694203128459374), (14807401790005938245)]
(1, 0, 2, 3, 4, 6, 10) : [(2571219217356075976), (4602228648773443543), (4987170599833045695), (9245975799464100729), (12415460795911569538), (9171475615948083476)]
(1, 0, 2, 3, 4, 6, 11) : [(2214154318730661758), (13521395273984204481), (975379421036032787), (15740335986288299231), (17843926568722247121), (10549563047978877523)]
(1, 0, 2, 3, 4, 6, 12) : [(14582664691900112125), (12915456248187768306), (4427538797137956445), (9426805505510126354), (12562556964627397476), (12683354943472816387)]
(1, 0, 2, 3, 4, 6, 13) : [(201288700860952779), (13506197744985512139), (10792328681145664197), (5862271245657467984), (1570403419474612115), (16328089991764812064)]
(1, 0, 2, 3, 4, 6, 14) : [(9989692955076584138), (14268880227152855088), (715053382047977325), (2839701287975342593), (7601050840833280035), (13207245299133770497)]
(1, 0, 2, 3, 4, 6, 15) : [(9412733538702330383), (2533968423908717453), (16902259145359649991), (13174365181397092931), (3962480610015164104), (15957959022423923978)]
(1, 0, 2, 3, 4, 7, 8) : [(12086824972735472443), (988806299699363350), (17147127854208983395), (4080756003704258407), (15947483179318835715), (17208145372718470436)]
(1, 0, 2, 3, 4, 7, 9) : [(1764892513193217113), (5711504061964513010), (17023512833684476665), (5357471848898223394), (11662947187562937142), (15313733890579807857)]
(1, 0, 2, 3, 4, 7, 10) : [(6286177895922778203), (4317349901519108555), (5799539757923287323), (5092319547768560578), (9052541049743753), (10757459888935571194)]
(1, 0, 2, 3, 4, 7, 11) : [(16637257560099410495), (1643789315057260529), (17042959320317653442), (7156933363713202286), (11407570625894194133), (1314013956319569627)]
(1, 0, 2, 3, 4, 7, 12) : [(11974311362470246244), (3472958099868011567), (15589976019352843866), (17808300684190981046), (11407809127718788206), (1017373601709695069)]
(1, 0, 2, 3, 4, 7, 13) : [(13066973369711502953), (11486817503345430420), (1271270022948680752), (673401741850399142), (2771800715762102389), (13785371096456485754)]
(1, 0, 2, 3, 4, 7, 14) : [(13131514154029857921), (16782772862137320186), (5228889965691175266), (10391670503646483742), (12063100080067490030), (16810093010946112563)]
(1, 0, 2, 3, 4, 7, 15) : [(13210682558272175297), (6104465652839050543), (3844232055546482467), (10691602004539505679), (16244912759529807630), (7896244033709621498)]
(1, 0, 2, 3, 4, 8, 9) : [(7864627804892207221), (5825176809090419440), (5508056897029781791), (9821787896477966381), (3640244202279146417), (5341513983337471021)]
(1, 0, 2, 3, 4, 8, 10) : [(3128480016612239316), (4415914614386996705), (17840144499122789521), (9552995345331484882), (15319083743768546738), (10250243629072233346)]
(1, 0, 2, 3, 4, 8, 11) : [(3868761834500082272), (7300389448762767804), (8518197307745839388), (18317806650461900291), (1956741133779705861), (14034654572562146014)]
(1, 0, 2, 3, 4, 8, 12) : [(10350836025977116247), (12784804921895317491), (5502999510396057819), (10702611170944138961), (10128613722130369828), (8831783594554526259)]
(1, 0, 2, 3, 4, 8, 13) : [(5186279308382068244), (14994784314705446524), (7895127736531221059), (1960698402288792814), (13312216475428624610), (5228846106964232431)]
(1, 0, 2, 3, 4, 8, 14) : [(15067529699879522961), (10952103591818328548), (7823974089037595661), (9107633286530579034), (8077781057405985267), (11911538526928531095)]
(1, 0, 2, 3, 4, 8, 15) : [(1743891434973573999), (12220790491347208360), (10034100715123777329), (7746472350567714411), (4585122877935115033), (15037081253456565360)]
(1, 0, 2, 3, 4, 9, 10) : [(5578797770559914475), (4243079400015927126), (5746695900430688473), (10161197230623540577), (3017187254514230375), (5411117752190863101)]
(1, 0, 2, 3, 4, 9, 11) : [(17611243991113545783), (8461973253866171873), (6426323317827314262), (59157336275633839), (475306098191976054), (8759755503690240377)]
(1, 0, 2, 3, 4, 9, 12) : [(5663489774978374844), (15012167466710029691), (12254315374591311921), (9494397791171441526), (10192501817417351207), (3937031650474223307)]
(1, 0, 2, 3, 4, 9, 13) : [(5060985773844118312), (6273060386202049059), (10273127738997433205), (499617268530799212), (1705511930501534191), (6376120074613865630)]
(1, 0, 2, 3, 4, 9, 14) : [(5260122280144750388), (8891953093588714129), (12425731698784036724), (11286853901994280743), (9239923906353420686), (5787900829318843929)]
(1, 0, 2, 3, 4, 9, 15) : [(1696956078577488626), (13680839914548224), (17205504445245762404), (15296342481216129606), (16175536578378672312), (9463037479234023090)]
(1, 0, 2, 3, 4, 10, 11) : [(1619405899802637113), (9255513442818634825), (125072238532174434), (6934150678500680375), (8935752150062912258), (10729055526587232614)]
(1, 0, 2, 3, 4, 10, 12) : [(6086477442905425354), (11101998593514480931), (8653287180010042694), (14913612355337777898), (1616586702120645842), (15074804405306521505)]
(1, 0, 2, 3, 4, 10, 13) : [(10596113210301204687), (9427549007791742457), (3337282256299773976), (5644435630659694478), (13182704308194047853), (8761588980989680579)]
(1, 0, 2, 3, 4, 10, 14) : [(5872733506818309476), (1610252550212940038), (13347771512030468263), (10291963792427180795), (2766979539745108692), (13492500665334842167)]
(1, 0, 2, 3, 4, 10, 15) : [(4862250158982059056), (18136295314866613424), (16747716666651426079), (17073287980041796611), (3121264101493574058), (15180780928279615038)]
(1, 0, 2, 3, 4, 11, 12) : [(57532930019813398), (17166028019646837900), (2325401336256887999), (1524774918629762148), (3147154741293547576), (8191731035752509315)]
(1, 0, 2, 3, 4, 11, 13) : [(6485636057705433764), (1561433223384362129), (15147463982325708185), (15209083240134412629), (16173826751414170798), (1875837170176376624)]
(1, 0, 2, 3, 4, 11, 14) : [(11363612547766634220), (8317923846101159582), (633377378134391434), (11935547626305230416), (1640049354985494232), (9985544996724848683)]
(1, 0, 2, 3, 4, 11, 15) : [(2426706510761590852), (6613227645070653391), (12663308470512312609), (2118271274517171435), (6961589392834332093), (3904891572897795960)]
(1, 0, 2, 3, 4, 12, 13) : [(8659381926432661469), (1286633786866555659), (1395913109339441318), (12435491480595365810), (17654872958493873562), (16799226116007047339)]
(1, 0, 2, 3, 4, 12, 14) : [(8412449220872750598), (8236617571524499286), (6296756193192991250), (9805227800902666706), (3647884080689019565), (16107425311601183687)]
(1, 0, 2, 3, 4, 12, 15) : [(13101106314276645421), (5614354962078539413), (492496795658616906), (14197365969000111389), (16389210138436123306), (5973090225887517424)]
(1, 0, 2, 3, 4, 13, 14) : [(14540518078432452264), (5862403548773741158), (8673073906765446826), (15202813560233096218), (11755506839333935517), (15635555446327618064)]
(1, 0, 2, 3, 4, 13, 15) : [(11891268794080668350), (14256804112652905740), (228351025497958292), (2595563541796793173), (714014624913652632), (4017286720577599037)]
(1, 0, 2, 3, 4, 14, 15) : [(14110027732012047632), (3278224419154964405), (13502469125198923826), (16905999429279119627), (1115983592440523145), (6118715348127572352)]
(1, 0, 2, 3, 5, 6, 7) : [(7001037106041263590), (14499638647525047693), (12035318463942387361), (8758608286336046593), (10150626176000206753), (2514184774958040882)]
(1, 0, 2, 3, 5, 6, 8) : [(6468058348229991432), (15035681212407853348), (8358924925483615525), (7413173119610775411), (5224946026489363539), (4504741064477017396)]
(1, 0, 2, 3, 5, 6, 9) : [(17869947344626536937), (4026799367219280909), (5815766593202396262), (12788023674522347731), (1246162701274000223), (6549811371821048661)]
(1, 0, 2, 3, 5, 6, 10) : [(759316557473768258), (12762564275995697619), (7345713857197655023), (3146242459783065834), (12488390909909444714), (6657428279817172156)]
(1, 0, 2, 3, 5, 6, 11) : [(18204474788547376035), (9587594165706078311), (16726720695784935043), (7974457655122641334), (9850502814407346353), (13351217546499264544)]
(1, 0, 2, 3, 5, 6, 12) : [(15479788891274432990), (15778051983632662434), (8961024900209197115), (11129914179542049047), (15299147375000385957), (2441654602770104783)]
(1, 0, 2, 3, 5, 6, 13) : [(2883384864912465471), (3803973096005141965), (11625633491274897329), (2085910343314441739), (7419811021369314133), (9426947197467125924)]
(1, 0, 2, 3, 5, 6, 14) : [(474410528712915487), (14209372423762654529), (4886073900556355476), (4464969495955987991), (18337939584133993466), (17949046766117575403)]
(1, 0, 2, 3, 5, 6, 15) : [(7836282688025789178), (15607670200877530306), (3767176742854631233), (16813671913759126940), (10362376599512288073), (7326881338417964972)]
(1, 0, 2, 3, 5, 7, 8) : [(2261201029554713348), (6442658235461745762), (2433792002202641652), (2222799699687033346), (14957486447262345206), (8750487492635281374)]
(1, 0, 2, 3, 5, 7, 9) : [(5381015614752503546), (16436907020194973955), (1916790724086218157), (1825900682159831506), (17350194232693424914), (14610594924257231882)]
(1, 0, 2, 3, 5, 7, 10) : [(4941126434697767040), (10607961298668772354), (16469016565860418019), (791674655847613061), (2407568804218841129), (9202466731275870040)]
(1, 0, 2, 3, 5, 7, 11) : [(11554600741750812943), (15843592537561263985), (9159639317680093909), (5632967831382728928), (1681696021252604286), (1721072451382202402)]
(1, 0, 2, 3, 5, 7, 12) : [(13382049186993419479), (13004989829850187027), (13768918050259425018), (1987090100524238628), (5542012564425561017), (3337545408714888513)]
(1, 0, 2, 3, 5, 7, 13) : [(12950125097045077387), (6535140623578755960), (2486206023617979792), (18026894349072080751), (5380163309431999801), (6620729399725211813)]
(1, 0, 2, 3, 5, 7, 14) : [(6770230001680614669), (2236748117755404356), (8638977140176333543), (13804736817865913741), (16524864325965424878), (2399231089890932205)]
(1, 0, 2, 3, 5, 7, 15) : [(18220153765586229684), (3540006744549333349), (202007033090556757), (5812673323243562297), (4436650042446257671), (6775330664652813972)]
(1, 0, 2, 3, 5, 8, 9) : [(11268151379094602331), (10894511446255649449), (2353720150295016498), (4104206863946313571), (17983149782710257850), (6376045575867367023)]
(1, 0, 2, 3, 5, 8, 10) : [(2794179801124248459), (17922338320118236490), (9570341660541436089), (11049569793861705793), (2505528582982328113), (9135831178661332260)]
(1, 0, 2, 3, 5, 8, 11) : [(5598772084135321213), (3226109288621501477), (7137014079272981850), (8742328407106266540), (5535499103546736585), (8920168774695438046)]
(1, 0, 2, 3, 5, 8, 12) : [(4169437900129309267), (16594162367722949360), (5254230420304276990), (4111147278239341619), (8278636496862027016), (9562738146789704552)]
(1, 0, 2, 3, 5, 8, 13) : [(1912947012851213164), (255488586327846907), (15655273899483384114), (16472285043888732846), (829625538306597438), (3993712454850163869)]
(1, 0, 2, 3, 5, 8, 14) : [(4696578589747979286), (10986314286291631553), (3951358160503461272), (16348355621493978453), (13839355899172713800), (12012626133652981021)]
(1, 0, 2, 3, 5, 8, 15) : [(2020284602476824387), (11680938304004301515), (16025049768159559005), (803001764464817746), (8788753488106816589), (11899939903367798583)]
(1, 0, 2, 3, 5, 9, 10) : [(9979180570814987973), (3941720492011527688), (10354643024890582500), (2138361554256115749), (15305827963453134792), (17553685213956281344)]
(1, 0, 2, 3, 5, 9, 11) : [(5644313905773324035), (7574300806206740811), (8356828246290374436), (14337283209724943964), (4833453890286382405), (7065858875634939493)]
(1, 0, 2, 3, 5, 9, 12) : [(1946096608437957600), (424877814486714910), (5200424107747444757), (11280247619982851047), (2054415584990764283), (4696092501260154970)]
(1, 0, 2, 3, 5, 9, 13) : [(11482177467886913194), (8175591156415381940), (4181338924682696822), (13895888871429027179), (7893899735437318497), (17799411587180805515)]
(1, 0, 2, 3, 5, 9, 14) : [(2888259239604191648), (7171354137181208654), (10388135842808879933), (263628900556027272), (13973956001033181890), (2629196139851900273)]
(1, 0, 2, 3, 5, 9, 15) : [(8829160240790055078), (4410004769233537574), (14852053502589126106), (8537207400571628347), (10213412945065194622), (7722163127890389425)]
(1, 0, 2, 3, 5, 10, 11) : [(5399138241366580697), (7169919784798882021), (7887591154782102188), (8745615518440560485), (14530199890189660489), (3402107620968392638)]
(1, 0, 2, 3, 5, 10, 12) : [(14184393073713362593), (14567847295879796367), (15608462500047948061), (8847482003526580696), (15848346582143503010), (7190860232038273189)]
(1, 0, 2, 3, 5, 10, 13) : [(7598914329549246405), (2794874206905030929), (16321825753619064898), (11332248204722492615), (14143353442204597719), (17685159311960108890)]
(1, 0, 2, 3, 5, 10, 14) : [(4240679964036007220), (15262160517115367586), (15285817448278221219), (6351834028306041575), (1463817078415022667), (14665216407229884306)]
(1, 0, 2, 3, 5, 10, 15) : [(3983929148996482234), (7260018522554138841), (16458913612237815719), (9725292087427042587), (15245425402922195200), (18324899617788473869)]
(1, 0, 2, 3, 5, 11, 12) : [(6635261587120542232), (2250825187072730005), (4162271791962064438), (11499040353518760427), (14583867661687650375), (9627194308047287400)]
(1, 0, 2, 3, 5, 11, 13) : [(16050684939877634627), (16941099959592285509), (6823715561374249894), (2357745712668199661), (2547325828454358692), (10526664411433112390)]
(1, 0, 2, 3, 5, 11, 14) : [(6602818035027067233), (15348989583503344660), (3187473408040031386), (6387131319489103835), (17820720075696155911), (7338902753257670689)]
(1, 0, 2, 3, 5, 11, 15) : [(18149700738344653690), (12670992309099636897), (16469236901564417927), (4016839373529474743), (8132061466939620558), (775159007315363663)]
(1, 0, 2, 3, 5, 12, 13) : [(11722960673641564500), (13991012947927567534), (4374640371320871689), (10392228636671088712), (6383228681685914562), (5003426534873710900)]
(1, 0, 2, 3, 5, 12, 14) : [(4454589695552415664), (5030868002951940411), (11438040521262600247), (2794093482436928621), (9828769635287459113), (17224721038626894463)]
(1, 0, 2, 3, 5, 12, 15) : [(12542634014759180249), (14392096001830810415), (284310355075968446), (12122238615784003887), (11160634552910673459), (4173060236217691224)]
(1, 0, 2, 3, 5, 13, 14) : [(7258033680685825562), (2308981356615367053), (9566976809069997801), (4362430937209058703), (4988942224239602259), (4001869719764913797)]
(1, 0, 2, 3, 5, 13, 15) : [(14798995863465273830), (660221829736038341), (15968654918717590511), (12060769898338716433), (18264315345707529413), (5585597945390019155)]
(1, 0, 2, 3, 5, 14, 15) : [(12955963538964865949), (3630652093170369138), (15101337523081826481), (13035801873800929104), (4097122743717805673), (17133705393376358672)]
(1, 0, 2, 3, 6, 7, 8) : [(14021097375000506797), (12085087018496759818), (17480789295591542861), (17143087598941817734), (14865951367814306224), (92326438621438400)]
(1, 0, 2, 3, 6, 7, 9) : [(13222873026410967475), (7393065786911711940), (15386545837191947084), (10844586952762766789), (10362008935674669573), (17933041541058249252)]
(1, 0, 2, 3, 6, 7, 10) : [(12469304678014818158), (16217529566146459288), (6457709594703149989), (10501875962656511027), (16755245322726343662), (1881331501300502527)]
(1, 0, 2, 3, 6, 7, 11) : [(8541140643489003824), (17276640947378757434), (16426769483880225250), (16258924824120780520), (8592264064214485802), (15918223256780457003)]
(1, 0, 2, 3, 6, 7, 12) : [(7900093365420593687), (5162924276611003746), (13069363927946673279), (14579268423864133294), (110224059095689374), (4681628956745331981)]
(1, 0, 2, 3, 6, 7, 13) : [(8708256111001316194), (8047195430331778912), (15925401686185980146), (7730554176375252978), (541388629254386393), (16468533238343061043)]
(1, 0, 2, 3, 6, 7, 14) : [(18091163778454448628), (18004548330802596300), (7683039067145325146), (12749222036060139321), (7395966267669164677), (11334622358713251943)]
(1, 0, 2, 3, 6, 7, 15) : [(17974009046395405665), (14086958408182555132), (3393399042409467714), (2757240191278384448), (14553178266128306307), (2890855941833190784)]
(1, 0, 2, 3, 6, 8, 9) : [(393590791643309423), (16790742440776120215), (974739363272334814), (8855465964925220171), (18003301081025303816), (5018845886096910360)]
(1, 0, 2, 3, 6, 8, 10) : [(18024049796938334421), (14613865197090750309), (9284089719439225849), (9120649363992597343), (5953841951831735623), (15801523058344689959)]
(1, 0, 2, 3, 6, 8, 11) : [(1490215647178556446), (7050360146879812480), (12962702933655444635), (7718455733252450064), (3887847183121993371), (14366257046499566541)]
(1, 0, 2, 3, 6, 8, 12) : [(6362414389682285695), (15771063074374095689), (264957327030547047), (17807544195690877524), (13962577369695153880), (9449818478845098696)]
(1, 0, 2, 3, 6, 8, 13) : [(3634320566560825391), (6293652006604576987), (15087934252864205679), (1271308323321942667), (3559329965885183218), (526746334585272735)]
(1, 0, 2, 3, 6, 8, 14) : [(3988297140146764698), (4559293530612016099), (9400461656415809160), (363997613838786404), (1765665496482193752), (5840122602932082844)]
(1, 0, 2, 3, 6, 8, 15) : [(7339258386731814547), (12040640282353100640), (5988468708586635473), (14045269307021467630), (14917951606978979496), (4816764823889353649)]
(1, 0, 2, 3, 6, 9, 10) : [(4867875929740117329), (2950436384260067982), (16754796220914678772), (13669978820177976609), (12010936025606016097), (9366973422192348585)]
(1, 0, 2, 3, 6, 9, 11) : [(15601668563217778908), (7451401767737309720), (11818184531157419294), (9749856386498056608), (10231485848034373334), (12022319082329631243)]
(1, 0, 2, 3, 6, 9, 12) : [(7601586187932233078), (17081321582253361364), (3231450902281144318), (15664880988012012048), (9098324915353347594), (2642860521799345121)]
(1, 0, 2, 3, 6, 9, 13) : [(17613466921651339975), (17969836095395869815), (15232446916772246972), (3669607879281535551), (13556565062777153803), (16350677973634292766)]
(1, 0, 2, 3, 6, 9, 14) : [(13956956880448393876), (8445976309983761371), (11634840003147552018), (9369524232662818387), (5518378613761436405), (5532260751161735683)]
(1, 0, 2, 3, 6, 9, 15) : [(11869938686142167677), (12926461006017827159), (7505041215166114693), (8277603953058604662), (3708555966366796757), (18322657077048426856)]
(1, 0, 2, 3, 6, 10, 11) : [(2356390343062858975), (1828954433241693463), (29114704579088975), (11446737542454689642), (9940884490847009541), (2306005067653790994)]
(1, 0, 2, 3, 6, 10, 12) : [(8346894347459971250), (12824430646643758410), (16343189009350079591), (16954194522616375238), (1901298729083514347), (8307415611892501149)]
(1, 0, 2, 3, 6, 10, 13) : [(12568846832109318466), (16650623447388657154), (11965298606886067758), (314771219659740139), (6361547137668455082), (5895405318738670395)]
(1, 0, 2, 3, 6, 10, 14) : [(6637911267999748683), (4495748622188841474), (6951859639630000136), (3929696337877836180), (5348418695496312554), (601881646959364609)]
(1, 0, 2, 3, 6, 10, 15) : [(3759359711498453021), (2016121022310370493), (1899058291369980777), (18275042530340397260), (9501494456910951313), (5103552251372825888)]
(1, 0, 2, 3, 6, 11, 12) : [(6226700851824187068), (13516532154521386829), (10229624734175844495), (12352825049374665549), (5592884588297269251), (15402900430090942335)]
(1, 0, 2, 3, 6, 11, 13) : [(1876616902952306367), (17561606121177852886), (9742610492838990739), (11369655768066148397), (715911286729708241), (3221912284355851195)]
(1, 0, 2, 3, 6, 11, 14) : [(15940221652707285588), (7351636797904971625), (17646309923539280579), (12428547642751820326), (11579826040712062022), (14544932251444699801)]
(1, 0, 2, 3, 6, 11, 15) : [(7129773424782936114), (2728270006245675944), (7815367026660031691), (1700963389222588636), (14109380247052484687), (6898744358166234552)]
(1, 0, 2, 3, 6, 12, 13) : [(455439783270969295), (16270290134951958779), (318442792188024619), (15970520816707053539), (14116449654302352335), (911614296549422089)]
(1, 0, 2, 3, 6, 12, 14) : [(16738885628270765767), (16789126727113461212), (16666488810311633867), (8838526809620027256), (4955233450629560693), (9322753286782158366)]
(1, 0, 2, 3, 6, 12, 15) : [(14190341225208804051), (8281022001861319383), (14158835301676190917), (1062861000449507988), (12821202951777453753), (12458639788524758386)]
(1, 0, 2, 3, 6, 13, 14) : [(18252537676792599447), (2279184054486718003), (17060077898915709032), (8950757677296568170), (4989282898578018828), (18213571888494730926)]
(1, 0, 2, 3, 6, 13, 15) : [(13409454830411899610), (16739084263117649690), (4418272064809489515), (15965434935525972881), (12686565700380108937), (13288329603087560383)]
(1, 0, 2, 3, 6, 14, 15) : [(3029312398520884619), (6420719932098738306), (2397435009100983390), (10737015906577446305), (17735657760644294832), (3802241250094037814)]
(1, 0, 2, 3, 7, 8, 9) : [(12450835979807535435), (10633629664231739719), (7939345144165724795), (481375741641194148), (7501681698209095188), (18257141178867437815)]
(1, 0, 2, 3, 7, 8, 10) : [(10188118147790592460), (2339157224630990041), (11939073627835835091), (11611253242893692215), (8759523453160864037), (101303855823562208)]
(1, 0, 2, 3, 7, 8, 11) : [(6164300895607399072), (7529279704056081079), (12298290185399597276), (12892736035027552090), (4152200063677325125), (130684088019722082)]
(1, 0, 2, 3, 7, 8, 12) : [(381719850551754514), (4792633136044127904), (17459796101753654964), (18248573628709309406), (5124530522257526588), (16183419344282058629)]
(1, 0, 2, 3, 7, 8, 13) : [(1919029208960687115), (16508631133715580049), (11978399348865088372), (7282336147723995693), (11350744346638470599), (335689985350169270)]
(1, 0, 2, 3, 7, 8, 14) : [(8742270547774541102), (4420672021451774940), (5178946294085603525), (9141081169467110270), (9928669998616046192), (3044465336621691427)]
(1, 0, 2, 3, 7, 8, 15) : [(2644140753675723585), (12907759044848480352), (16211674020068610006), (15926145119804449070), (1281804742083328848), (12941432273120295155)]
(1, 0, 2, 3, 7, 9, 10) : [(2208623201899284014), (17941455748905781279), (4208109112299329233), (18372877487909976644), (3141855233951736982), (14889291434077028566)]
(1, 0, 2, 3, 7, 9, 11) : [(4291176921239769397), (7254893013522883054), (2849040680708015390), (2419371479525481447), (13025353780121607556), (16961031093440024733)]
(1, 0, 2, 3, 7, 9, 12) : [(3851826956440455086), (9963415390267589313), (8686952708786543723), (16811152140851495728), (1119731855280935068), (5154850475171238580)]
(1, 0, 2, 3, 7, 9, 13) : [(17284812116226180671), (7327707821412974217), (2653388722749782826), (14772903714190395313), (4130338437848880861), (12515177248426317551)]
(1, 0, 2, 3, 7, 9, 14) : [(13621690464503498154), (12494664180666484670), (11618419837317184383), (12949605570036440236), (7452193892886160947), (16795006214008940743)]
(1, 0, 2, 3, 7, 9, 15) : [(18300322650402859535), (156127349117369626), (10699082789515983445), (14832517468027969076), (16615818734392487623), (15612368418710599282)]
(1, 0, 2, 3, 7, 10, 11) : [(2775030785429967613), (3141354549640744537), (2800348858219100438), (14770982661481595386), (16129528861908194844), (286466116341744276)]
(1, 0, 2, 3, 7, 10, 12) : [(9040607612556411166), (17399452117081947094), (6741768541857887617), (6588478959790235493), (3855307045181102390), (1127999552438809896)]
(1, 0, 2, 3, 7, 10, 13) : [(2756730775037768199), (6310874622246471504), (6132237943954503421), (9229866278795113361), (18386484209382802660), (9684112521587744623)]
(1, 0, 2, 3, 7, 10, 14) : [(9363417365871702051), (485015942823037449), (9705413328581784715), (5586472067763618303), (7511593539965692484), (5123202756828311993)]
(1, 0, 2, 3, 7, 10, 15) : [(11434484805082557798), (11804771903667714264), (9505063805009506717), (3767891665781297347), (10266319616646634224), (1667102813122605492)]
(1, 0, 2, 3, 7, 11, 12) : [(7868782738931233022), (15150010017793232096), (1903485025178062560), (4575145298317386597), (15692019365272319316), (17978877953372108592)]
(1, 0, 2, 3, 7, 11, 13) : [(5127521719390144305), (7779786379587924230), (6952943366476789082), (1013452141217297325), (7958284917293576674), (4407143622359959375)]
(1, 0, 2, 3, 7, 11, 14) : [(4998453481211928399), (1629754656386989782), (8255606748110288876), (16993845646592061249), (16136265044330298468), (14133975323082107567)]
(1, 0, 2, 3, 7, 11, 15) : [(18210455244134335580), (9671548288793060919), (12352513567638309873), (10166433644952934008), (3749021503890242669), (12610792106126329277)]
(1, 0, 2, 3, 7, 12, 13) : [(3086420735062886927), (1670987551633418888), (2107503669012389649), (12700784180650779362), (14368698866313011144), (5933854835114368042)]
(1, 0, 2, 3, 7, 12, 14) : [(2473830372841073067), (13685031544585647347), (17265774292646897429), (9177367883837307082), (5704607715763976096), (6541669411320475071)]
(1, 0, 2, 3, 7, 12, 15) : [(10811108969439387851), (393059283996093853), (9306251007254061600), (1973470146111365290), (1477210165175403467), (4705210290577325091)]
(1, 0, 2, 3, 7, 13, 14) : [(17682857420230312518), (15550624581723301612), (13799958445002083608), (1747886794806340668), (2862139101961695908), (15783794345673610069)]
(1, 0, 2, 3, 7, 13, 15) : [(15254829029539296230), (9527969802451998607), (4478484764594683335), (13714818331456254125), (8118434757710431029), (920175989524157339)]
(1, 0, 2, 3, 7, 14, 15) : [(9242830049732920205), (920561644712512566), (817517443914770088), (13244925863206390054), (1767920701323674058), (7102974246458525566)]
(1, 0, 2, 3, 8, 9, 10) : [(16406484719734124484), (4120463868181992267), (2795574799440798822), (1971254261674589415), (9094582044684817019), (12816276594803482772)]
(1, 0, 2, 3, 8, 9, 11) : [(15054641756661286508), (14726256840692073736), (12215809572744695078), (13324600809925112426), (2605046892792834698), (12032591456580769170)]
(1, 0, 2, 3, 8, 9, 12) : [(15618557948103045853), (16249281487540191806), (74710446896758819), (16770352959996750806), (16132277337505696069), (1973533153818772270)]
(1, 0, 2, 3, 8, 9, 13) : [(4559156885644684265), (8649058812876334732), (13352043809689060287), (7940523208024594908), (10459026069940688271), (1322851424398821461)]
(1, 0, 2, 3, 8, 9, 14) : [(13429537080581875872), (5042709140000828180), (7951646030684639140), (1064377769503984785), (1598759709222056833), (8138164592059322156)]
(1, 0, 2, 3, 8, 9, 15) : [(11401242462257039348), (6557345027851958584), (6412513334759243062), (2495586483949931961), (6821103593845953439), (10253026494855968446)]
(1, 0, 2, 3, 8, 10, 11) : [(13874437766304839279), (13121244348386031018), (16624590010800213681), (9489344734813011501), (6752427783863977309), (8915141113983304940)]
(1, 0, 2, 3, 8, 10, 12) : [(7907183226738726585), (5898501073627038712), (1592730066341821205), (16646759556152359371), (15640995051347239542), (9434370568725603167)]
(1, 0, 2, 3, 8, 10, 13) : [(6598438641503190020), (10319710204830673688), (664540556690843691), (17989613944436706103), (17287034303422935736), (3456562785243618171)]
(1, 0, 2, 3, 8, 10, 14) : [(13371032045744741417), (432461506292272448), (11100157083804877294), (17153133038900627344), (17813083658172778464), (3410135637477594630)]
(1, 0, 2, 3, 8, 10, 15) : [(16651534058915783373), (6173898009966067059), (17222082180634926268), (10431173614056086411), (15635168666041020975), (7020096148219939196)]
(1, 0, 2, 3, 8, 11, 12) : [(12892657190951286314), (368605430938363888), (14868616575891559909), (11382519084246602288), (12564378056263438395), (3770103995565530161)]
(1, 0, 2, 3, 8, 11, 13) : [(1790187621038084679), (7228156338937721623), (657757719880832302), (1450549206733270356), (1542520561619752964), (933448984270190701)]
(1, 0, 2, 3, 8, 11, 14) : [(11629563425542759184), (2323693258112403569), (685736223524991463), (822467813104548640), (993578625673242446), (12549738691301027011)]
(1, 0, 2, 3, 8, 11, 15) : [(311007252564431665), (14718198170099850901), (11903337462599349624), (12910514775511274197), (16827092690189967620), (5568503664640748726)]
(1, 0, 2, 3, 8, 12, 13) : [(316489157763760598), (6024174328102938976), (13220641139256941369), (4610665139697908308), (17322465119979452263), (2152046832189288213)]
(1, 0, 2, 3, 8, 12, 14) : [(1802605601935158021), (15355796522661736657), (14415794332513739772), (752137527159008117), (18140956480008078717), (15437371626942077078)]
(1, 0, 2, 3, 8, 12, 15) : [(10099078788493421671), (15010822685887821397), (2170879487902780952), (711911926311623391), (12797547773191555783), (8387606379045479935)]
(1, 0, 2, 3, 8, 13, 14) : [(4017954868285359117), (4300271887376201625), (391251098083750704), (15309981353646604296), (4469808475637563032), (18169111075592091101)]
(1, 0, 2, 3, 8, 13, 15) : [(3951744476861326762), (9625771340433555792), (10067355500954239441), (6204184409488911256), (14325835803792875436), (7634928366001932115)]
(1, 0, 2, 3, 8, 14, 15) : [(5269847470965015826), (12718772731678570032), (15773424395826598661), (5863864837203711784), (18050411531702278715), (1171348496015972915)]
(1, 0, 2, 3, 9, 10, 11) : [(13431727772289359907), (15911330859880099690), (14182531113655456489), (6441401394041332063), (7585728455224361561), (11855079312647985927)]
(1, 0, 2, 3, 9, 10, 12) : [(3756155022086611331), (1605421083106719212), (10603399978519684918), (5094542647082283974), (2709887021012628382), (9083304307946110384)]
(1, 0, 2, 3, 9, 10, 13) : [(15086951709245536384), (3654389072379440084), (17117078638132188126), (16327063459838012063), (6369638763013177660), (15396401708073703036)]
(1, 0, 2, 3, 9, 10, 14) : [(7416622148733448744), (7072397545121899388), (7279328626972349649), (10512909079513947096), (14653212495608459713), (16641851473845901918)]
(1, 0, 2, 3, 9, 10, 15) : [(3853175777504182437), (8176972186729127575), (14002128833600472665), (2170377769728456304), (4263170470404952006), (13464753190414749988)]
(1, 0, 2, 3, 9, 11, 12) : [(845289623553395049), (2558107060506780571), (12938561139174534668), (13987462315212365477), (13650490800646520523), (10583290923650822074)]
(1, 0, 2, 3, 9, 11, 13) : [(2451192976040475905), (9126429692014101365), (1559749137868163852), (3452974369441267405), (17951295881060208091), (10614146814765447710)]
(1, 0, 2, 3, 9, 11, 14) : [(9557925403390399534), (15004581801964161536), (9363279850389701916), (5295094582042518741), (6992164985356589984), (18158008680744984229)]
(1, 0, 2, 3, 9, 11, 15) : [(16445081617798025073), (895940624910291752), (112789375732858650), (1430480222295020122), (18237240016826631965), (14494514602617036436)]
(1, 0, 2, 3, 9, 12, 13) : [(15160068291704812244), (626474001643876212), (2818978182625679432), (10779949763777875811), (14908700858710588688), (744247686614704686)]
(1, 0, 2, 3, 9, 12, 14) : [(6476805418532219307), (9566392363172595275), (8511156727523646496), (6277988367627796559), (14256091436964698702), (3724913012525175824)]
(1, 0, 2, 3, 9, 12, 15) : [(11938280626512366146), (9522201468568722684), (6260625757726680790), (17774297918929605620), (14002214442484090865), (2489076632496497768)]
(1, 0, 2, 3, 9, 13, 14) : [(12727536331638160366), (13210756919467880391), (17749094141336860875), (11239219216969207303), (13452595593882493818), (14100972403518257131)]
(1, 0, 2, 3, 9, 13, 15) : [(242997872933902114), (17861173664856337864), (6059574914478733400), (17863483194007381666), (16074215471656652282), (3206922012717057653)]
(1, 0, 2, 3, 9, 14, 15) : [(10320242892770988208), (17068676432911504722), (459917296111594399), (1405355129933882878), (4109892357330118473), (16733754559004931506)]
(1, 0, 2, 3, 10, 11, 12) : [(5034418786754943243), (18151900957803389800), (8637547577056897750), (727418158118627776), (3542208579705151214), (21891581002292376)]
(1, 0, 2, 3, 10, 11, 13) : [(12654654282857703612), (16133031632509971482), (15279089490202122846), (18192684224665782459), (11087085772054254955), (3742981612321086739)]
(1, 0, 2, 3, 10, 11, 14) : [(8122238017884269576), (10818757463890960694), (11737868014524817228), (1100471498986948920), (15850478914009414921), (18013346284284851602)]
(1, 0, 2, 3, 10, 11, 15) : [(9043503701020483926), (1457291397893129251), (9119603142008538428), (2204556950022338476), (474737119194576636), (12441567682421401474)]
(1, 0, 2, 3, 10, 12, 13) : [(11084605361785001253), (12788237721773611843), (7003828264826279205), (5512010545016761270), (2417396792646052567), (15456590461413495313)]
(1, 0, 2, 3, 10, 12, 14) : [(2404611418571829674), (2844419066667123180), (8027562788503966609), (8362160670753992518), (2775615271691239770), (5431402752770314440)]
(1, 0, 2, 3, 10, 12, 15) : [(16744954594896538255), (12527971609565892116), (15468661859027064382), (6539896228028973791), (18067632668915805296), (2113850074401920612)]
(1, 0, 2, 3, 10, 13, 14) : [(7745963106411924738), (13010301225969763006), (3621413823936937665), (8920030196872143450), (1301462816927131124), (11194984530375439042)]
(1, 0, 2, 3, 10, 13, 15) : [(12164670057362098602), (10670231438085063260), (3659724085365463072), (16540583503554620480), (1685600255013226195), (3357366756203211356)]
(1, 0, 2, 3, 10, 14, 15) : [(4314481789999231273), (9181592642460100640), (2137783221092532876), (15312867449468965827), (5220406362907392481), (722561643256851891)]
(1, 0, 2, 3, 11, 12, 13) : [(317626791841829238), (12616593814181752884), (14258807337229260966), (13318676469057484421), (16174979166164207581), (12880818833396026279)]
(1, 0, 2, 3, 11, 12, 14) : [(12390363148561908979), (14290275591727097381), (4986613945991033513), (6973627179395323357), (9528852615947434331), (16757769118905191416)]
(1, 0, 2, 3, 11, 12, 15) : [(5490200713284794541), (6098993937510161361), (18296389327279246096), (5127794951906903583), (7884255813293976928), (7321671684426159252)]
(1, 0, 2, 3, 11, 13, 14) : [(2429786129301374360), (11069384946340662620), (5432473859558953979), (465675566605582012), (9244219993792878957), (15054394258167084474)]
(1, 0, 2, 3, 11, 13, 15) : [(11947342574112018457), (13610655864257137652), (2866914491974898695), (5874927091702847376), (8483258038527999765), (2850494101684412638)]
(1, 0, 2, 3, 11, 14, 15) : [(17726009815635726300), (15169997306044474984), (15346090140641585254), (10040165867432557171), (15678819751619447660), (11807969785377444895)]
(1, 0, 2, 3, 12, 13, 14) : [(15217054759341521739), (5587806887694329397), (9623215354613059031), (11260279613066555433), (1607030175598959436), (7379470217087554748)]
(1, 0, 2, 3, 12, 13, 15) : [(11035100712017983828), (15271180709924471460), (5044954374108296918), (16400638207595336758), (8708060209015195321), (6773747303737786780)]
(1, 0, 2, 3, 12, 14, 15) : [(2305628366567865624), (8840155144081395471), (9780922780001685349), (12904346383085182815), (13444282928524895392), (7522421431871010928)]
(1, 0, 2, 3, 13, 14, 15) : [(18263619283729758128), (13020803215018959294), (7622328125410021078), (1330070987696535713), (1875070515874299251), (3561488072641296602)]
(2, 0, 1, 3, 4, 5, 6) : [(6675212518124025389), (15497161438365298482), (6561037280080214486), (15564093068706999629), (16735729147223596333), (2829456859155993678)]
(2, 0, 1, 3, 4, 5, 7) : [(2495826269382987403), (17221141811002327892), (17258699154796143862), (16883619767177781411), (15409113703113448794), (835015993938368185)]
(2, 0, 1, 3, 4, 5, 8) : [(8767744993271402469), (13600752500779226540), (8501412086906491762), (11791385802812265686), (1978804716807485309), (8973911684004417052)]
(2, 0, 1, 3, 4, 5, 9) : [(1165671275586918666), (3801851921325861570), (13803055697417131782), (14194366105092674718), (3164507587892585472), (14064007080103601960)]
(2, 0, 1, 3, 4, 5, 10) : [(10278580973198480189), (10717806846735373934), (17758899823019234854), (4770012738754937998), (14284510025966621560), (16431618983120687597)]
(2, 0, 1, 3, 4, 5, 11) : [(2193121590737433592), (7252543765635661015), (1625257437024740027), (8108406050458757243), (14041074780081291323), (187514123914346719)]
(2, 0, 1, 3, 4, 5, 12) : [(8261850853848302560), (10360756135557010071), (3124874626669846229), (8747927136343595194), (18410501910795883835), (16735927177241465121)]
(2, 0, 1, 3, 4, 5, 13) : [(10478125528985707711), (17302325908755011623), (5987774804130631112), (1059583649590649128), (2016338808994786170), (11681798399781956054)]
(2, 0, 1, 3, 4, 5, 14) : [(8089484471972752484), (2464904297688994739), (8676314078994565211), (14568603019119252332), (6282321156773839740), (14664264449362206451)]
(2, 0, 1, 3, 4, 5, 15) : [(5130750893021176246), (9935993693563789531), (13614898525601373433), (5589604901465910232), (16193694276851135179), (7654259390116739011)]
(2, 0, 1, 3, 4, 6, 7) : [(5222651036423804317), (4570529625180780094), (7330843067964708938), (10979822896035809130), (4832630909923565374), (12719307531046712238)]
(2, 0, 1, 3, 4, 6, 8) : [(10774560683236724131), (8525155438328691870), (10872065045072338110), (15010887805502807874), (10512356469752553047), (18378515554591745316)]
(2, 0, 1, 3, 4, 6, 9) : [(8796844584919818585), (6043712785530380916), (4158538701658482093), (7532879013332837056), (6969215952254211099), (8055177758330559640)]
(2, 0, 1, 3, 4, 6, 10) : [(2562546314260090048), (12811950444445240247), (10007338830627150342), (14639450536973559523), (12499856014682829464), (4979217855108029868)]
(2, 0, 1, 3, 4, 6, 11) : [(8408318866281988518), (18039231368555186214), (1911887295102681375), (1406674490366694457), (9640355742068810379), (17616721726372472240)]
(2, 0, 1, 3, 4, 6, 12) : [(2344961931363487063), (12061923469525746313), (16298197842585554187), (332444212851615162), (3980414704253302475), (16157081155006421745)]
(2, 0, 1, 3, 4, 6, 13) : [(10823255030558220558), (16054325114821690992), (4407629287898495361), (8516207482946200342), (18002515261194775481), (10044812845698663148)]
(2, 0, 1, 3, 4, 6, 14) : [(13836357914991223893), (15384391407535053279), (14246902064634314486), (14228120357966158542), (3417564771066420942), (2297656136876008913)]
(2, 0, 1, 3, 4, 6, 15) : [(12181860191777793034), (3787679845387383539), (11843382940967816222), (6639966373440799082), (339847715519520136), (17632579945402200794)]
(2, 0, 1, 3, 4, 7, 8) : [(1011692635946760473), (11621395666707249859), (17304998027358674205), (2448215610834551027), (9592992327413524556), (18110588258409815874)]
(2, 0, 1, 3, 4, 7, 9) : [(8399928606287647736), (17838538510284102040), (10060756105262703131), (12690130573397970632), (7780089853854006076), (16808891098392726792)]
(2, 0, 1, 3, 4, 7, 10) : [(17219485496296787793), (6692337598391639845), (16857473304703525604), (17027762938610402161), (15276025714768107370), (15386424206426318547)]
(2, 0, 1, 3, 4, 7, 11) : [(11720176679253285570), (5216522074970307749), (17353967884769990410), (4928613016611306074), (7029951683838375103), (8064279291713415030)]
(2, 0, 1, 3, 4, 7, 12) : [(7173320903858247262), (7505857198378469303), (17402328338106362776), (13578701119028800249), (3010131294366466175), (10826870490422533101)]
(2, 0, 1, 3, 4, 7, 13) : [(15985507407782740494), (14668954194971408278), (4992438569769821601), (6590648819931009644), (6669882704477924172), (15014301399397277289)]
(2, 0, 1, 3, 4, 7, 14) : [(3662844407993881716), (16894144875282095111), (10780882892401684623), (8216570756829388354), (13234259609895205061), (6828595268980300387)]
(2, 0, 1, 3, 4, 7, 15) : [(9373806150041645259), (16064563298152767785), (17954273419708892256), (3326312819575254100), (13787876128974473722), (16352285013821680106)]
(2, 0, 1, 3, 4, 8, 9) : [(4867171465833627677), (9218168779924812389), (7058627974306999663), (4566724073543234357), (2608490832084167752), (14137432021918461771)]
(2, 0, 1, 3, 4, 8, 10) : [(16100006425620332645), (653515791829848719), (166605943198191440), (13327298169136973560), (3454407737752758396), (13225355441628671074)]
(2, 0, 1, 3, 4, 8, 11) : [(14305203701647426805), (13229776494587704976), (6174556424148346172), (15306032773873457858), (7270995823804280842), (4809868684853642581)]
(2, 0, 1, 3, 4, 8, 12) : [(17294602358705034144), (15181464201187318782), (16658497748740945282), (7988630261927829670), (12602326931697914154), (11924367468052368845)]
(2, 0, 1, 3, 4, 8, 13) : [(15122271993425740453), (2209618207675662290), (9524505815511525383), (3408606206350735217), (1914527577162865794), (4016444951594890802)]
(2, 0, 1, 3, 4, 8, 14) : [(14265091696291832819), (12853038201692972984), (13002592060574471195), (6823874066156959680), (8675336976316825679), (4305847203631334854)]
(2, 0, 1, 3, 4, 8, 15) : [(4538637013690248717), (8473475227834684326), (6984881033541283558), (6912335889528216965), (15260683752163043404), (9913356339890514189)]
(2, 0, 1, 3, 4, 9, 10) : [(12406348054535766914), (534614582148648627), (4087459214456173650), (9469341526104325713), (12822633871266831119), (10199671538962045806)]
(2, 0, 1, 3, 4, 9, 11) : [(15165805932206454133), (3670586564693114143), (12604457182820701218), (1444315163208897136), (12368722046304697618), (9338478885414362980)]
(2, 0, 1, 3, 4, 9, 12) : [(17275760297552654436), (1022191363488135844), (3126802183166702281), (15612251628008166633), (16186912098952736835), (6440530762713369802)]
(2, 0, 1, 3, 4, 9, 13) : [(2696536030206232822), (5186173261056765542), (8556567444961321827), (15198631217046461786), (2198686963433337856), (1043321709572948590)]
(2, 0, 1, 3, 4, 9, 14) : [(15874377351703900884), (1375738334388596313), (1929517715877108533), (1876317027688889351), (361133803059172736), (384094019489531751)]
(2, 0, 1, 3, 4, 9, 15) : [(13324032094405905732), (8446436075696939695), (15280401382352320550), (17739620020606878123), (18206238962008569542), (11388267387070676613)]
(2, 0, 1, 3, 4, 10, 11) : [(5459250393429849190), (3807393807570877494), (4528823970879147737), (78399789779420256), (4902427684448447011), (8108106778238522350)]
(2, 0, 1, 3, 4, 10, 12) : [(11837325354009239406), (15869164004604942649), (11733807807024747728), (13924369478759890507), (9280043968664080077), (6623023779255942058)]
(2, 0, 1, 3, 4, 10, 13) : [(1617500331751778654), (13425518309777666295), (13418530602687345701), (5012245668633128377), (3557088596465832156), (4034284567138872955)]
(2, 0, 1, 3, 4, 10, 14) : [(17906313033169405431), (5094113799450432863), (8029449868371995205), (7393430215534891385), (9116847752505868012), (11940353116280079336)]
(2, 0, 1, 3, 4, 10, 15) : [(9459209546305235596), (1295288455130439056), (12804964852161807672), (12183241449664225732), (14572389810278906655), (9010443241176488975)]
(2, 0, 1, 3, 4, 11, 12) : [(8145829050727894153), (10801268846487381981), (11623299831023389203), (7561611008634201630), (12766920600285234531), (12078639112418105853)]
(2, 0, 1, 3, 4, 11, 13) : [(17558296860771675916), (16516443780918191395), (12396932568382507476), (2088306481922476786), (17766363342788281131), (15002440234147298442)]
(2, 0, 1, 3, 4, 11, 14) : [(12879286228824250860), (1720853057976409815), (14938347183365395683), (6705849492075346647), (4262522900282429839), (8960641935195515840)]
(2, 0, 1, 3, 4, 11, 15) : [(4112344933430607916), (13089345005402797679), (2878875603717052999), (5357165228157117215), (3011642906492336221), (14782052775345920321)]
(2, 0, 1, 3, 4, 12, 13) : [(650109317750232444), (1493649210313953142), (11369478581064180074), (8186978483573793122), (10824834948964745364), (4928087335961782527)]
(2, 0, 1, 3, 4, 12, 14) : [(5032704280641236469), (15179358640604688459), (14511261704338783533), (13538015748768636670), (5732477898754222844), (4908046145311458704)]
(2, 0, 1, 3, 4, 12, 15) : [(805919483192999422), (16749917819742814323), (14735441214523409248), (3434973905668235392), (18006290622896902397), (4659910924178708249)]
(2, 0, 1, 3, 4, 13, 14) : [(10535464557326698457), (6856019085776475021), (1256295299614091596), (3613963133221157244), (10845932678611488133), (551939344126867660)]
(2, 0, 1, 3, 4, 13, 15) : [(433512712665712009), (7912918206240757634), (5381342754270994736), (13447365657332097982), (17984083732258562503), (10374073019587326225)]
(2, 0, 1, 3, 4, 14, 15) : [(7097285850613857025), (8447395585668105168), (74106668484046038), (15568465265287320537), (13757871940840941695), (6626183060427820444)]
(2, 0, 1, 3, 5, 6, 7) : [(14573427224057513786), (16025710241972836906), (10532124045334205813), (7301129625559237646), (6826571035654504367), (17755456345745334789)]
(2, 0, 1, 3, 5, 6, 8) : [(10366287720377375650), (13749925579536051621), (16750195237729778019), (14394897877579985891), (15111416721564188854), (17245798244421279663)]
(2, 0, 1, 3, 5, 6, 9) : [(12625812866423473792), (17210000294910445821), (4097641104812275794), (17342954615819636313), (15636595028468403009), (1432966245566732516)]
(2, 0, 1, 3, 5, 6, 10) : [(8296066608523742794), (7178958619136090484), (16201142068377600918), (1919309125080461327), (10651234262261629445), (595901707614771008)]
(2, 0, 1, 3, 5, 6, 11) : [(15406754907863626138), (3389765569131789062), (14299459870066464909), (3303806955267176842), (11559375232089152244), (3037390460622517934)]
(2, 0, 1, 3, 5, 6, 12) : [(16041028949232926910), (16357038377531475101), (7052071072904167014), (6539068325265401330), (6512052267711949110), (1583104782515102434)]
(2, 0, 1, 3, 5, 6, 13) : [(2522763194111568764), (11060203182032554898), (13810518260603702904), (8406301946132092888), (9332836069501839308), (7304453653819319403)]
(2, 0, 1, 3, 5, 6, 14) : [(4265450655023533507), (17543530061291038733), (809392503535255554), (6799418166602636661), (16307184416647846182), (8778420013719970795)]
(2, 0, 1, 3, 5, 6, 15) : [(1060659630804223625), (588322738080286290), (2068595283807593012), (8133982542677604923), (9583560547576690219), (2020938514691032959)]
(2, 0, 1, 3, 5, 7, 8) : [(14075372479570119365), (9555348993610746384), (3955688373902855964), (2178136923191815912), (15185858670984603224), (3361986716945666488)]
(2, 0, 1, 3, 5, 7, 9) : [(7372903878131820161), (3364834283787605927), (10597382830093475873), (4777972704670257708), (8236146745966492384), (6093183554643689902)]
(2, 0, 1, 3, 5, 7, 10) : [(17342594071680746450), (11951696682841793953), (8253340272991012656), (13065179900172458470), (5530842810310728083), (8949673195474228101)]
(2, 0, 1, 3, 5, 7, 11) : [(7459902977692740644), (5752396882698794156), (5393420819904938695), (3822184249571691002), (4962577726592579727), (160149379027255241)]
(2, 0, 1, 3, 5, 7, 12) : [(7726733720049301309), (2090105408498790702), (14860803648779155308), (6609958378124860571), (7768272695926143257), (166155402663803368)]
(2, 0, 1, 3, 5, 7, 13) : [(5182559961278214734), (12576228557035945720), (5381421857245307812), (10677015713857555549), (17013711215070763863), (15070336585254245055)]
(2, 0, 1, 3, 5, 7, 14) : [(3355509685929620825), (12579370916229920386), (10028897836078517646), (3189796799393722148), (15905198737223026492), (15481321466431663531)]
(2, 0, 1, 3, 5, 7, 15) : [(4815475149065463880), (5387059108891933250), (7336686784573695896), (3914538706986755150), (15887226753311587663), (15082948159424223110)]
(2, 0, 1, 3, 5, 8, 9) : [(4465605955711088061), (5397211716395770237), (5234930802130021803), (13852522442180931213), (10628747275212206245), (8394795130306010824)]
(2, 0, 1, 3, 5, 8, 10) : [(15734892557270817778), (14907147989459093872), (18350714818098684101), (7856864043477102826), (8128155424806850690), (3595457781137985461)]
(2, 0, 1, 3, 5, 8, 11) : [(11904556505561209997), (5105646195311756297), (8299420649566988743), (16733023862979077134), (9932422160203279509), (10322969587623092619)]
(2, 0, 1, 3, 5, 8, 12) : [(5759493143985382772), (1246834069496747877), (179584118122093119), (4888553160001503879), (10627499926688689516), (6568346946919167785)]
(2, 0, 1, 3, 5, 8, 13) : [(12905626246869929081), (7819526559368768808), (13922297891901753871), (15987071733456088932), (14921619851232911005), (15096872957035070840)]
(2, 0, 1, 3, 5, 8, 14) : [(7979549869546618515), (519396177807180105), (7878057829404315518), (16719637688211678336), (12702435278495082237), (9115926317369175914)]
(2, 0, 1, 3, 5, 8, 15) : [(2311673887878674751), (9092369734272902024), (13460853644087293975), (17926719138433018528), (9739429948962447273), (15238777238515992393)]
(2, 0, 1, 3, 5, 9, 10) : [(3312003811938596047), (17912101020098241563), (4912957853629727322), (3737253437713482333), (2318407793269587761), (15160973476113207209)]
(2, 0, 1, 3, 5, 9, 11) : [(2277443129632302784), (8530365082241378924), (10951283844677099638), (14492617133818325018), (4800576285417591519), (16316018364191056908)]
(2, 0, 1, 3, 5, 9, 12) : [(7077250056230836416), (9810043383125656756), (11681364231116570755), (16396233746614427673), (13565511236991728773), (11161737115974862691)]
(2, 0, 1, 3, 5, 9, 13) : [(11765711195211334926), (7826560955260441152), (10545689946046747759), (3473686511867267178), (8458898863283836430), (3165364228202375993)]
(2, 0, 1, 3, 5, 9, 14) : [(5359420140619753555), (14457869870571248164), (2921452177737035441), (5976614781632838216), (14322859458064573733), (6702635470788683341)]
(2, 0, 1, 3, 5, 9, 15) : [(12407015848498869279), (10304628169802943121), (1154099375059492636), (6135417915911787930), (905801409314440053), (17449299551662645062)]
(2, 0, 1, 3, 5, 10, 11) : [(18321157242338951713), (1239191246702734013), (8565957781121706944), (8749862118112634097), (12418975427949388402), (13704766747043597014)]
(2, 0, 1, 3, 5, 10, 12) : [(4650305644768989358), (4154946613886945500), (4859121973888031878), (3827437753565726802), (12887539395449141231), (29762593908227542)]
(2, 0, 1, 3, 5, 10, 13) : [(16624478493764274297), (7100833131322771242), (6823721119071732824), (12630492233744375792), (16643962386191567982), (7018797292774726145)]
(2, 0, 1, 3, 5, 10, 14) : [(2474435507544710460), (4189510531481716535), (15852151620776051050), (12762322147404147299), (3710639027242039178), (8100452557443235978)]
(2, 0, 1, 3, 5, 10, 15) : [(2414225519148946941), (11186558400000070504), (15868225593598355566), (14274691619195837919), (5232787206849228094), (9593271537417885490)]
(2, 0, 1, 3, 5, 11, 12) : [(14136169171711596481), (3388550090390738210), (15065216231585199873), (3653039195294228759), (16697613612867198828), (13918812592203560780)]
(2, 0, 1, 3, 5, 11, 13) : [(5717287306499998193), (17696497004342127606), (5532831244025858247), (3979763724459003735), (14335783099367423681), (16678397882025500641)]
(2, 0, 1, 3, 5, 11, 14) : [(15268319864866791978), (10820163243678058036), (15237589120157311891), (339819878775206919), (9520771601756041771), (1678615307776872896)]
(2, 0, 1, 3, 5, 11, 15) : [(15080461564967425313), (3606006473179009238), (17978176285521585323), (15065107349288083583), (3525630884174386344), (8413397551431282388)]
(2, 0, 1, 3, 5, 12, 13) : [(17212745686235863959), (10707343081066007504), (14130013691099097061), (7030728840276859335), (7462292192056005474), (4290713441886317003)]
(2, 0, 1, 3, 5, 12, 14) : [(16375362112553833821), (6645906379972604932), (7844652370696963679), (9944258696387817703), (10608209934201366762), (6099357522709640279)]
(2, 0, 1, 3, 5, 12, 15) : [(11587939835113692077), (15087491754019936652), (5033182518270513558), (14334460814466739244), (17080792408043744103), (16899758697261107107)]
(2, 0, 1, 3, 5, 13, 14) : [(16704942961950495966), (16769189883525799862), (2387459998200077646), (658327229684055415), (7604946415027312568), (1741742993763041768)]
(2, 0, 1, 3, 5, 13, 15) : [(14750081061159123820), (8383809020776072814), (11595358046002475013), (3015136046075417228), (4400481060491384439), (9627500665267642128)]
(2, 0, 1, 3, 5, 14, 15) : [(12937527801346899393), (11472468976317551578), (14522875397828206099), (3460171451327571680), (3305398002001176035), (14736931606192899263)]
(2, 0, 1, 3, 6, 7, 8) : [(3998808041270359687), (11162599020559021866), (4914727218635043147), (14463966671740301086), (9704157600542952103), (12173075153837429025)]
(2, 0, 1, 3, 6, 7, 9) : [(15358874080735178591), (1561298956784257320), (2346226561994737522), (16402742953994232997), (7406833513362089067), (9938993072513884865)]
(2, 0, 1, 3, 6, 7, 10) : [(12607045431609899326), (15855566375983904224), (13735212934200517199), (6436554153034727125), (10315758154185502433), (6359954252617838537)]
(2, 0, 1, 3, 6, 7, 11) : [(5242905937066428856), (6841526190975851010), (9305627428458137057), (1293608396659052919), (14850860558820421631), (2673168808520198124)]
(2, 0, 1, 3, 6, 7, 12) : [(13834320979673644807), (6065583240109359418), (13858444417642426711), (3184782138555875964), (8472281756534162269), (8556651632557663417)]
(2, 0, 1, 3, 6, 7, 13) : [(12383842080126240972), (1062781084601963807), (3164234959727180823), (11545280071716581570), (16524974170205924132), (5239251553889203605)]
(2, 0, 1, 3, 6, 7, 14) : [(16946557323175159239), (1995884415521015151), (17013726317243790930), (9552931456460651033), (11033908498219925750), (1545917530662918986)]
(2, 0, 1, 3, 6, 7, 15) : [(4650787730415246163), (5058135549804303794), (2794147530595871928), (4727220960127422416), (6860315816922231993), (1118871208350007406)]
(2, 0, 1, 3, 6, 8, 9) : [(16191985307465575750), (3237220988668700262), (14555333790039643040), (13892030786297676095), (18084267360399935756), (7693058730970984425)]
(2, 0, 1, 3, 6, 8, 10) : [(1920685813655259943), (11397788933660336344), (12243887092895663208), (13741650425830758754), (2660343355234934526), (10587194242253228933)]
(2, 0, 1, 3, 6, 8, 11) : [(5635934754078951019), (15056475974853517976), (1084131527745637531), (17504174612828682203), (6544065433589729778), (14683350444620304780)]
(2, 0, 1, 3, 6, 8, 12) : [(1196084184452653719), (16938041430769518816), (17110915852073666485), (2941071487208753198), (16270244956490556738), (8967621866043469878)]
(2, 0, 1, 3, 6, 8, 13) : [(1253968020642189846), (17747971515459155462), (11698678115919680754), (3833649081289710387), (6713178748120587014), (3506633509836393404)]
(2, 0, 1, 3, 6, 8, 14) : [(15693873093061499341), (6392294782559204997), (6630561636140452074), (16434731647627440513), (1926571279723332814), (8202138059811816587)]
(2, 0, 1, 3, 6, 8, 15) : [(947010899823716282), (12572808663050255156), (11252372291933367219), (2440381199515477172), (17531782041351040868), (6430679402909789338)]
(2, 0, 1, 3, 6, 9, 10) : [(16791427846511598557), (14495335110130499053), (12697022547678938039), (5807404366671663822), (16692230100075616890), (10819442765669441165)]
(2, 0, 1, 3, 6, 9, 11) : [(2626631910303580990), (7979401789855415213), (15288364424437649073), (12938891743371397280), (4824597936033878967), (16928736900264374754)]
(2, 0, 1, 3, 6, 9, 12) : [(11280501337013157593), (11647409595742564019), (8124646192956100665), (12172415784027164274), (1411320230049118787), (3439768456339600930)]
(2, 0, 1, 3, 6, 9, 13) : [(3266097403606606112), (10669380729977754460), (12786516288306492897), (13967980288606150902), (12225536718550753975), (710776014173824787)]
(2, 0, 1, 3, 6, 9, 14) : [(2194516106711365234), (2606246286707040817), (12253062683509154918), (13281002816507769123), (15154441799020573798), (15317695163591914307)]
(2, 0, 1, 3, 6, 9, 15) : [(16354194150506743505), (3385618292418657014), (5841490700385898900), (9990252889756758833), (16252187568558836331), (1498572315621595077)]
(2, 0, 1, 3, 6, 10, 11) : [(11702038213071006000), (5375303282959208092), (10855732846323801655), (10766145291980791854), (4101641349769908608), (18399950051660347656)]
(2, 0, 1, 3, 6, 10, 12) : [(8719037376114669416), (1511068522144282503), (6038887621853620992), (7362093002090971468), (3018435028134012334), (1490649214119819342)]
(2, 0, 1, 3, 6, 10, 13) : [(7720417475276841703), (6641421638652458466), (8429220432094975768), (15289682234013844474), (3631602765297918327), (2535352372811777215)]
(2, 0, 1, 3, 6, 10, 14) : [(12975249040901393089), (15924976679974861132), (12332714871652931268), (1252060840601978049), (9509042894793585891), (17033341006639980699)]
(2, 0, 1, 3, 6, 10, 15) : [(13400849503844740199), (8160206533211585798), (13705886467100094433), (6379300312598007222), (9540253862988224776), (7672951489705072427)]
(2, 0, 1, 3, 6, 11, 12) : [(15266875279725429187), (320740476851303806), (18194525758016755426), (7233389134369565898), (7328444191579490209), (7373127112749089359)]
(2, 0, 1, 3, 6, 11, 13) : [(16575066956894893489), (8549917888702287165), (1590834736863695434), (15403013941493727285), (7298058076965052212), (17954915243422905888)]
(2, 0, 1, 3, 6, 11, 14) : [(6755013099728318628), (13125309441525776351), (10859419014688912959), (16799720972331372849), (11475630540072761359), (10626121558578089853)]
(2, 0, 1, 3, 6, 11, 15) : [(6487518020634960450), (5070449591171830845), (12350375466663776242), (5513137895439418773), (605560952469350406), (13870072601513537521)]
(2, 0, 1, 3, 6, 12, 13) : [(12280639617294173029), (17576362986220539657), (12885263742821714674), (17480561510312171579), (16808615461482857879), (8348535491736008345)]
(2, 0, 1, 3, 6, 12, 14) : [(2003330325332144650), (4883569886556891211), (12030201204187456690), (9283839236664494038), (1998748307129071269), (1280695280129861562)]
(2, 0, 1, 3, 6, 12, 15) : [(13065513599289048644), (10647103627228749207), (12375467840326531043), (11706549620143644198), (601752937946884719), (1479749675199183804)]
(2, 0, 1, 3, 6, 13, 14) : [(2349584414404163013), (7047224844567877730), (5930361055314131295), (2736633926690097862), (7494706128089140390), (2725221516727434762)]
(2, 0, 1, 3, 6, 13, 15) : [(8160521885770739802), (4135478577498238814), (7573658029920718652), (13499705365064415538), (471488241620921454), (12770229999532978611)]
(2, 0, 1, 3, 6, 14, 15) : [(4518053499063560402), (6983021295811540595), (3005919192545798995), (16026870691840856051), (16702295828300355355), (4784149856622661686)]
(2, 0, 1, 3, 7, 8, 9) : [(13573931667463754220), (9378689646363833259), (3984928965903903564), (18173845975974629867), (13552046323136613849), (8446982210058296047)]
(2, 0, 1, 3, 7, 8, 10) : [(8571180652088146032), (4162812938643115545), (6742506837943929210), (4563771789332110515), (2044648460725572578), (4972113162814532475)]
(2, 0, 1, 3, 7, 8, 11) : [(13782059223451922153), (6810971691202461672), (6352211337460467130), (260179173414039972), (7859138350441746465), (18195225258835065203)]
(2, 0, 1, 3, 7, 8, 12) : [(5879959250878384879), (1292196518168018252), (1326790997054564269), (2322962091143012446), (1318476483938928551), (15814486245320689447)]
(2, 0, 1, 3, 7, 8, 13) : [(9678867701773150936), (15453498287432954830), (14897187663497268218), (9134053103462863510), (2805492440217228130), (8808878248230722914)]
(2, 0, 1, 3, 7, 8, 14) : [(6523029084678960987), (12478102539016138477), (3068404517036864880), (4014094822762828731), (10954425599032551129), (15158193548660467222)]
(2, 0, 1, 3, 7, 8, 15) : [(5578776086752994415), (17708921449887909749), (5755177833253535254), (7585416421436008336), (9925880911915896720), (3194044072395708617)]
(2, 0, 1, 3, 7, 9, 10) : [(1981988666096019509), (14668116773447393129), (17024129898077300357), (2570390902702249727), (15875048711460277566), (1868114471858800145)]
(2, 0, 1, 3, 7, 9, 11) : [(9128984676845924578), (4227636319648942971), (8166258253163189205), (812768514746365475), (11932537281798348142), (12623401482113325655)]
(2, 0, 1, 3, 7, 9, 12) : [(4796627565795400444), (5178507832639617967), (12942899776150855822), (17532728311320551813), (17153774246215536800), (3750508605567387079)]
(2, 0, 1, 3, 7, 9, 13) : [(17168297385999348289), (5462088163423709121), (2733806799576713233), (1513448070576205523), (4522255101705237078), (12134847185060591219)]
(2, 0, 1, 3, 7, 9, 14) : [(8915945424347989131), (2681298754055672621), (2836119015843380352), (14706711787774918791), (13830594973385681357), (12310484326781046164)]
(2, 0, 1, 3, 7, 9, 15) : [(10355973827002119673), (2113142583888154577), (10313036511591192567), (1962022025038496711), (15984491007469382358), (14026853256828974299)]
(2, 0, 1, 3, 7, 10, 11) : [(2482859448366002823), (763966998916555309), (8473028559397561491), (8475765118416630075), (1761975041765525147), (10622966704715431848)]
(2, 0, 1, 3, 7, 10, 12) : [(4735468401738775019), (2129265433481016599), (6942458514988553057), (13977172064111974290), (17692566345750535645), (4961870586628263815)]
(2, 0, 1, 3, 7, 10, 13) : [(6273528900130144237), (8134996000568994438), (14537100691227915238), (8542619425046143247), (6585028051544619496), (13081831133432271574)]
(2, 0, 1, 3, 7, 10, 14) : [(6068082697359709760), (17433753107201456341), (3321564412058619910), (5215409748258299235), (4996599664179915613), (17328564804615719850)]
(2, 0, 1, 3, 7, 10, 15) : [(13439774200938755959), (667286830423593416), (16838012134497703227), (866276295026673880), (3856757017008201217), (1471506897825169340)]
(2, 0, 1, 3, 7, 11, 12) : [(2176180484038190517), (1037010646339902170), (137797225655887171), (14953131208748086346), (6697547029477736251), (17437839710813977829)]
(2, 0, 1, 3, 7, 11, 13) : [(1745326129897675786), (16220277199429610761), (8745987614731518825), (16493120354732805474), (4359520708836318859), (4013007227721794094)]
(2, 0, 1, 3, 7, 11, 14) : [(17750969735123591439), (14482766837039536080), (12757475666053792275), (17921367932049936734), (8108446966046673385), (10742371159911036951)]
(2, 0, 1, 3, 7, 11, 15) : [(8995010289149935624), (13454904336838500105), (9644019210853237569), (2632268100198949645), (8276478227166920227), (5138339496468025719)]
(2, 0, 1, 3, 7, 12, 13) : [(5538943991300028559), (5170928652396919211), (10866189336430871395), (15191718815394038200), (16203387324939871983), (8482288522085117341)]
(2, 0, 1, 3, 7, 12, 14) : [(10535537498023231440), (1470321872539843683), (1850862058709366678), (6919381782147261534), (9265623947726122444), (14134253004309115137)]
(2, 0, 1, 3, 7, 12, 15) : [(12420923183508132325), (9746595411916468533), (9490023395146879595), (16138376022754476497), (13595626667877048487), (14475550821415164410)]
(2, 0, 1, 3, 7, 13, 14) : [(1440902453339077567), (2813788193869568646), (4772369635938015413), (1299190725785885954), (10319187681348017528), (15206790045174187411)]
(2, 0, 1, 3, 7, 13, 15) : [(3593032103462076137), (706326443179547749), (11619813423169476860), (3003978212631522252), (6205068510278383947), (11497197577630279976)]
(2, 0, 1, 3, 7, 14, 15) : [(10443232678896591929), (17356907540159094232), (9120922800063192199), (13984559600257515026), (6497391930745986491), (18331942413582475330)]
(2, 0, 1, 3, 8, 9, 10) : [(17681774265254024245), (5162669694592705039), (4027561175059990473), (9044593103523650390), (10391372126796734397), (3412736091606659220)]
(2, 0, 1, 3, 8, 9, 11) : [(8343831296614793501), (1340182742532580681), (12498941810018508205), (12507647628737434820), (6055994064855978544), (5251733608876320640)]
(2, 0, 1, 3, 8, 9, 12) : [(1276669418048131592), (13299453132789930322), (12441046211817577607), (790535615629257107), (9475892263058596613), (3492800945927537908)]
(2, 0, 1, 3, 8, 9, 13) : [(698907720832505595), (3586262217788318165), (10389834566046445182), (4559584373472297802), (15150940491725438609), (11526803283961679387)]
(2, 0, 1, 3, 8, 9, 14) : [(637778713108201041), (4968905437980022180), (10164125140286971163), (16400105419877623138), (7288031609393822609), (17049905263081754657)]
(2, 0, 1, 3, 8, 9, 15) : [(12168174675594220008), (12083282592964339831), (17561248662540407602), (12493969679986993370), (418155528657375666), (11410739324137052756)]
(2, 0, 1, 3, 8, 10, 11) : [(11451352634106479578), (12337603637417724715), (3407663065617219539), (10653948884764681517), (7822919513995368877), (15490797654066853593)]
(2, 0, 1, 3, 8, 10, 12) : [(6485254013113165036), (12377569820651608097), (15948472683987812485), (242703237020496861), (4046691902273347329), (15203673684614581599)]
(2, 0, 1, 3, 8, 10, 13) : [(10403040281831057974), (7318780113243175293), (6637034278869078809), (3280360402554794350), (1900414080633328941), (7532099374454464513)]
(2, 0, 1, 3, 8, 10, 14) : [(5505488988743424136), (11591553005893626766), (14947500256365865563), (8348600432193687327), (17240572834005342669), (12390602255518302623)]
(2, 0, 1, 3, 8, 10, 15) : [(16805905539585247212), (15161230848636765513), (14352869793041575748), (8152457592229183276), (5065925887012287837), (17852341149611890526)]
(2, 0, 1, 3, 8, 11, 12) : [(7473380330466580466), (9475449859301636643), (4303509324958052123), (15321698157394522225), (3789363906069225148), (10471161390120384207)]
(2, 0, 1, 3, 8, 11, 13) : [(4628860925373398027), (7256975107037689737), (8356738050952141383), (17335444273190838550), (11924282865201220446), (10612889150198115689)]
(2, 0, 1, 3, 8, 11, 14) : [(17932131874678844433), (1989528020140889127), (8285597713259741406), (9180178259871358367), (16599402098998385410), (16391002055288299479)]
(2, 0, 1, 3, 8, 11, 15) : [(16079435534032178485), (15344931184441228092), (9662336978243167301), (4944491119718189187), (379846792909730175), (11429322527941428746)]
(2, 0, 1, 3, 8, 12, 13) : [(9320203027630961222), (15374165806384315870), (2220057871605319423), (10726790935609966416), (6749205086154262638), (17164383982871274277)]
(2, 0, 1, 3, 8, 12, 14) : [(5482267226734756439), (18183456623414230800), (12185684739664894250), (6156415482340128805), (10845434873801742510), (15391577950492959313)]
(2, 0, 1, 3, 8, 12, 15) : [(12744310868296527881), (5297365851673188922), (4551966909427279612), (10677934534218710738), (1108162856318932653), (10893985069085783670)]
(2, 0, 1, 3, 8, 13, 14) : [(11767146117779031354), (16689841867628248384), (13906042974025277537), (12871108712687344336), (12916656243706609290), (16400039180549890725)]
(2, 0, 1, 3, 8, 13, 15) : [(2842568205320817606), (17864641858802368174), (7535912280493499112), (7519524696399134908), (9117441145516048901), (12304159926414677646)]
(2, 0, 1, 3, 8, 14, 15) : [(5915266561444250812), (9599421763930262499), (14958172352713519115), (8057607585995920243), (7740250294733296137), (12502104943699368140)]
(2, 0, 1, 3, 9, 10, 11) : [(874862340100464974), (3698548139054028689), (16515717153046306166), (16970461202319574335), (1753729230124251387), (12443012804010101683)]
(2, 0, 1, 3, 9, 10, 12) : [(4100572821081414624), (2104054723115842927), (13297168022049054356), (3108333698013382785), (2504468352426346653), (12382609799917437133)]
(2, 0, 1, 3, 9, 10, 13) : [(3305151445299993195), (15596731043237867893), (3574659663157577691), (5441424317387771229), (7178581081091724487), (2720988072746169388)]
(2, 0, 1, 3, 9, 10, 14) : [(1419365298129840308), (2682669561161570867), (15617571426616279137), (11465779749375691582), (16293074354784783469), (3624143379266883321)]
(2, 0, 1, 3, 9, 10, 15) : [(973016753643633772), (3290599181998210478), (16615062786338859662), (9958420992699120130), (8470781740142213753), (3479181437462904853)]
(2, 0, 1, 3, 9, 11, 12) : [(9593181740303048497), (4704822788074494957), (11488237512096709996), (2671864868381019230), (15409291275770755204), (11143553667438623430)]
(2, 0, 1, 3, 9, 11, 13) : [(18237776783198663857), (15062296460215137444), (17667966818606624848), (11321795808814909552), (15254789985617482518), (13772176488360350151)]
(2, 0, 1, 3, 9, 11, 14) : [(3318281798509044766), (17890619786614775730), (7351337991954669201), (15703987350731658720), (9084731850678571790), (11086794364345170508)]
(2, 0, 1, 3, 9, 11, 15) : [(3622925401770455030), (13133044071766480219), (9954448334178255059), (5964326519320085999), (919271951629097579), (2931881376200868611)]
(2, 0, 1, 3, 9, 12, 13) : [(9078448888386367808), (14006567280453713655), (9081687339412854036), (9754787000305566784), (14629102324126241588), (11853597756346669204)]
(2, 0, 1, 3, 9, 12, 14) : [(7278183685666652813), (17224675093998581140), (7256194712448894510), (14754145850838934445), (11704469477858648632), (13719959681958739398)]
(2, 0, 1, 3, 9, 12, 15) : [(16658763604276258950), (16334167620430890419), (11731616880502376235), (13466986297627719830), (1691254211028096606), (8519138424631988171)]
(2, 0, 1, 3, 9, 13, 14) : [(11674270949954766027), (5391657291622840142), (9425768469214196522), (14185949522420970787), (8583354885865476194), (8214075234236104179)]
(2, 0, 1, 3, 9, 13, 15) : [(1131817285584812154), (11769658095827063417), (7981431697809205249), (563416592104720763), (11649701220125804307), (1179525235583080711)]
(2, 0, 1, 3, 9, 14, 15) : [(14604241719815672143), (8990584898257364697), (12692935336953976379), (4414643746007510550), (11615068368753374146), (11409581131927361825)]
(2, 0, 1, 3, 10, 11, 12) : [(12525782128331846779), (18363046991005988432), (3149781902608265909), (8965406247862176701), (14879905209989896120), (554848013668720721)]
(2, 0, 1, 3, 10, 11, 13) : [(10010493906216388463), (10191533682092735516), (16993957840692129627), (116964982666539370), (15067283139551068114), (11765915000588096783)]
(2, 0, 1, 3, 10, 11, 14) : [(5820681566822139426), (15669242323673780817), (13861988225600627570), (9278979484734967415), (1058174879379357714), (17597587786189549177)]
(2, 0, 1, 3, 10, 11, 15) : [(9242231639287668991), (17259380716529628269), (17939856373183958305), (4416693118612153202), (302414081012022985), (12507476431743626272)]
(2, 0, 1, 3, 10, 12, 13) : [(12941221666416970557), (777148905516303611), (13288615536500889787), (7988879941416567687), (6866649199373811908), (3979869929633713354)]
(2, 0, 1, 3, 10, 12, 14) : [(11090191717369371066), (8610537730399117436), (18114714647973978721), (18124768584392141974), (6171538489430616817), (8256355858209849278)]
(2, 0, 1, 3, 10, 12, 15) : [(4855008935715177660), (16558301949938638358), (10938910514466070088), (11274093975910715356), (8651404738419323894), (13927634203957831072)]
(2, 0, 1, 3, 10, 13, 14) : [(15965717649917682289), (4927837987807230508), (17038162097310226161), (11981397943697174499), (15295110929576868082), (368484575443893304)]
(2, 0, 1, 3, 10, 13, 15) : [(17912311700461615699), (4948548565090074933), (14874910954547079542), (11629968007327049245), (17225785588232112541), (13645290609932672633)]
(2, 0, 1, 3, 10, 14, 15) : [(11809502256381234391), (10542749108191171525), (9950415423481763622), (12265074366785677119), (7315382781452736267), (10605019843467603538)]
(2, 0, 1, 3, 11, 12, 13) : [(15934502020741796702), (4807405343386145789), (12860067483146924195), (2077200646873495859), (5422638527499234116), (8754078268497451958)]
(2, 0, 1, 3, 11, 12, 14) : [(13432654874245426617), (10566752229419494351), (13865054994495028242), (7816329117433043271), (16184812034277832396), (18076606788211553809)]
(2, 0, 1, 3, 11, 12, 15) : [(5378655736815927647), (12009510554882643194), (16635091600919275667), (3425265681260963629), (11238810925478344058), (3642495948390052880)]
(2, 0, 1, 3, 11, 13, 14) : [(1802492211605719113), (10653408889281064739), (16942551366853172115), (4549253618691661514), (2187734552040171026), (682093954484707418)]
(2, 0, 1, 3, 11, 13, 15) : [(4050364648580473522), (5910207829083217660), (551014610352221596), (3386864287993861877), (7923511773335703706), (7519225020905297229)]
(2, 0, 1, 3, 11, 14, 15) : [(7386180056927675296), (14344505388235318455), (18430246573735364463), (17811471312064444265), (10119616593818301968), (11720356108191748719)]
(2, 0, 1, 3, 12, 13, 14) : [(16309092311464226302), (13783566908555625257), (9398015735048845347), (15052716593771451317), (997027934058008195), (13044235765256271209)]
(2, 0, 1, 3, 12, 13, 15) : [(1029499911971620353), (14355564707833911477), (6344710486992251447), (16103553810438227720), (13414418419793704585), (8853467140426280623)]
(2, 0, 1, 3, 12, 14, 15) : [(934750403283359353), (4175399116791310538), (16091078909389671497), (15459268525522286207), (6373736090886236362), (13436980820685432802)]
(2, 0, 1, 3, 13, 14, 15) : [(9850108881397384597), (2163543927510892480), (13790755387200221868), (10093411534818218532), (11693857647377461469), (11123676274493243219)]
(3, 0, 1, 2, 4, 5, 6) : [(7065167407231781815), (15348849362779181235), (10568793153882839793), (4272259656902535954), (4387783067155833719), (1480592898762775456)]
(3, 0, 1, 2, 4, 5, 7) : [(115611310968545781), (4292563134313810375), (7081961682851247663), (15175127316106198429), (5625068117984231194), (11538261867501576779)]
(3, 0, 1, 2, 4, 5, 8) : [(10121838462320782751), (14344297078127211536), (17617494941582035695), (17433067541634586010), (14152725074702670030), (569230367202092346)]
(3, 0, 1, 2, 4, 5, 9) : [(8616740476919238346), (3612681565085923947), (8794335519902083526), (14734448529755061818), (9439790900092346524), (14161109791871915232)]
(3, 0, 1, 2, 4, 5, 10) : [(5772060466019437383), (2925717895081352585), (13634082571322270149), (11389918944569824953), (1787431600239770863), (15307836442730591317)]
(3, 0, 1, 2, 4, 5, 11) : [(4763079381362582166), (10712405992029785831), (5417985680144249564), (16742973274414982659), (16915619226271288211), (12258827055909900919)]
(3, 0, 1, 2, 4, 5, 12) : [(17574645739647465912), (18102716194992099481), (17352665270437619631), (6301257902256813786), (10489248881881872222), (9287182642851774671)]
(3, 0, 1, 2, 4, 5, 13) : [(11776056629986607609), (4324597652675869622), (15895000369290777139), (7417918355418243214), (3547296917022719695), (11362203875875953669)]
(3, 0, 1, 2, 4, 5, 14) : [(15192170215508776025), (11495165285230184235), (10603532690694410532), (18227786514153153163), (8368352865460685252), (6124194641389559710)]
(3, 0, 1, 2, 4, 5, 15) : [(9196366193533680484), (15995953508605307594), (13763224689361665960), (17964404208180105395), (17305499175536943729), (12216854684728166154)]
(3, 0, 1, 2, 4, 6, 7) : [(6402458442689036667), (10922401876627291825), (15820391729812482369), (4583079920544703584), (14065242878570735563), (16691091138969482040)]
(3, 0, 1, 2, 4, 6, 8) : [(9027803461225717848), (16875719366419245374), (18417625286498876508), (11064092326820204955), (9604968860651139631), (13776843034947111045)]
(3, 0, 1, 2, 4, 6, 9) : [(4864288447913268265), (2959815017861651997), (16585546614066196414), (14385880720169556342), (4500692982832292862), (9118657885711582793)]
(3, 0, 1, 2, 4, 6, 10) : [(3553312499890771334), (11164889329161361173), (14412315719091590352), (10947371164829966293), (6188569956172859149), (5880862967662028293)]
(3, 0, 1, 2, 4, 6, 11) : [(8160356367579103157), (11973824572013804728), (9775388546849007775), (12114324766801992274), (10059005344261681220), (12087668124231558572)]
(3, 0, 1, 2, 4, 6, 12) : [(14106821885393707507), (4966922915592380344), (10246217464595053115), (9936462294265327586), (858444276185349580), (12947616588046384446)]
(3, 0, 1, 2, 4, 6, 13) : [(11531679496510063838), (14424801312479814671), (8767019145230995500), (4514852679744462270), (6163463499601266709), (7554244850154147385)]
(3, 0, 1, 2, 4, 6, 14) : [(8314128707024095003), (10131125512290446619), (10523847502742312612), (510162882161578694), (13362458563117245072), (17266214577663839724)]
(3, 0, 1, 2, 4, 6, 15) : [(11822299338116879890), (9545184139374946731), (6746819384575110910), (4611044129279852044), (17780764535670007693), (2124394157738672668)]
(3, 0, 1, 2, 4, 7, 8) : [(7934499578546592974), (14394175460655368812), (4020446392695784396), (5305559143802598933), (535100189649124707), (2004171144639591659)]
(3, 0, 1, 2, 4, 7, 9) : [(4005405289895445208), (1251249635969306299), (2742821252080224439), (18315437859238915507), (2247373354997861128), (9755223617957532386)]
(3, 0, 1, 2, 4, 7, 10) : [(16337415267287581829), (14901039379216989118), (9085788954607869308), (7489933566027894134), (18066063403469327358), (6108309999496943328)]
(3, 0, 1, 2, 4, 7, 11) : [(16111643507081119683), (11549294329821499048), (6302791719157313110), (11239993037866577703), (10002880447727122203), (9783290457406916678)]
(3, 0, 1, 2, 4, 7, 12) : [(2857751434520593239), (17806097067236436810), (10477389155736861300), (8676640430048691672), (13438955535121677952), (4427072569629718048)]
(3, 0, 1, 2, 4, 7, 13) : [(1733695663250679276), (8436966018096980255), (11691033093451343202), (4747052642116008434), (18180917400286612068), (9811882759934789545)]
(3, 0, 1, 2, 4, 7, 14) : [(17228583855322245625), (13149827543334799661), (3133020205438281129), (16486280865674981084), (16960854271671577725), (1645247098925464160)]
(3, 0, 1, 2, 4, 7, 15) : [(6182206687433917751), (13032524695679928611), (6668423928479007756), (5857468133276392594), (3728497191784376856), (11369320806682246240)]
(3, 0, 1, 2, 4, 8, 9) : [(2111791569815783913), (5557022701164698270), (6130392941974010258), (12600609994225816342), (6611584693891943824), (8053990116344849143)]
(3, 0, 1, 2, 4, 8, 10) : [(6943177420118227276), (2469452287415349748), (15378736853830195710), (5135223760586747937), (6764428457151495812), (17905207726121400553)]
(3, 0, 1, 2, 4, 8, 11) : [(8114272295188391635), (15294760718171865205), (18339104497942232203), (14313397233624680137), (3870485967885520318), (534902748200997648)]
(3, 0, 1, 2, 4, 8, 12) : [(17394313812817319525), (10818247989771258494), (6035215548766868558), (7086778401136725682), (7440104620733196276), (13967170850575240923)]
(3, 0, 1, 2, 4, 8, 13) : [(875337149737233739), (12756100994621912987), (3379143383041339818), (4073983998902782194), (2388959994225031153), (17111773269762005467)]
(3, 0, 1, 2, 4, 8, 14) : [(1121584528345619985), (6158064162934503479), (4268467796438297784), (9899644697354412765), (17549817093648626527), (14139043898315615449)]
(3, 0, 1, 2, 4, 8, 15) : [(14139482864739152584), (2458410230445704282), (10043151779794182125), (16740177773798690380), (5844429897543406747), (15924066216437842966)]
(3, 0, 1, 2, 4, 9, 10) : [(1487666646615480895), (10632942339193251295), (15886618286480683458), (10287976837038369861), (1914487106500405544), (1578977469443119436)]
(3, 0, 1, 2, 4, 9, 11) : [(12834226495647447946), (17340426854985524774), (14003765702804402024), (6704656129167191955), (14730834786536529451), (14477266797340008272)]
(3, 0, 1, 2, 4, 9, 12) : [(12729326353156102958), (5603322803639161957), (6574892258435966118), (3375976761975872339), (5269737880141798233), (10396017903283820980)]
(3, 0, 1, 2, 4, 9, 13) : [(1906207584928844237), (16581038518334752990), (16984205295298207552), (3189573257511323903), (6371270619777161464), (16552449585503290058)]
(3, 0, 1, 2, 4, 9, 14) : [(6247113957030635404), (3122571103154811098), (6866386971275841238), (10461968450019707516), (12351054391034188115), (14893132526399281422)]
(3, 0, 1, 2, 4, 9, 15) : [(12056737354799886089), (10655087709138722037), (3591466952769688345), (12984725962080513465), (5376144620358196693), (16403768876484246177)]
(3, 0, 1, 2, 4, 10, 11) : [(11980796434061606863), (14481690810689710420), (16902765675274558448), (1336107229268011167), (4464400361564634722), (15490391771442102071)]
(3, 0, 1, 2, 4, 10, 12) : [(11187922414206951859), (5663115572977438147), (7476988685507295165), (16298268183681115449), (12040083597774882047), (14796225510088667192)]
(3, 0, 1, 2, 4, 10, 13) : [(10995935739903937058), (12935412710235118740), (14454162482528484170), (16839851234477913755), (7410906348793131054), (1922827012732428354)]
(3, 0, 1, 2, 4, 10, 14) : [(4151107550979255476), (13837694010461257990), (8978184370122177423), (13579171566484617701), (15682624493419166358), (4881920558870576121)]
(3, 0, 1, 2, 4, 10, 15) : [(13634193593678232380), (542041837515067991), (15857061993628038720), (11837635103837231787), (15226627363971171371), (6362575831162985418)]
(3, 0, 1, 2, 4, 11, 12) : [(11396062271687265613), (3446693889604993552), (13148965671205597479), (1696216996613393948), (17277016376636299131), (11473250182275852572)]
(3, 0, 1, 2, 4, 11, 13) : [(8943503897640328844), (13497903433036171059), (17742112903786681243), (9465972800363349245), (6724845807296310259), (14612829513707369892)]
(3, 0, 1, 2, 4, 11, 14) : [(1188975646825481934), (13649285649416750728), (8851869678942559625), (4327698296257228731), (18077673677583103123), (9129152519864909891)]
(3, 0, 1, 2, 4, 11, 15) : [(4690472415569635273), (14533892197768073250), (16718825532197256861), (13413458814550697377), (5254540101008868470), (15687864322023289903)]
(3, 0, 1, 2, 4, 12, 13) : [(12509732141123920521), (9285066914234160807), (12816967747584201316), (7187259304112580946), (317939471957674991), (7539682272350189123)]
(3, 0, 1, 2, 4, 12, 14) : [(4961519036693154814), (585326560481719317), (8979617649272775114), (2205928852166014134), (2786421831960420985), (14916346952937458073)]
(3, 0, 1, 2, 4, 12, 15) : [(15528090920018402524), (2379685049112159133), (14819103454177582177), (13042576806150149626), (13064787052840515016), (7623045123799602299)]
(3, 0, 1, 2, 4, 13, 14) : [(14422846025004576531), (6137267302220221410), (15649177947201345404), (9189089228106004617), (10262208262637833437), (6055946137912960680)]
(3, 0, 1, 2, 4, 13, 15) : [(5442521245371850234), (9459095973425719524), (8852091516887064427), (5601583956054774911), (7183182067958853995), (1069900062324182131)]
(3, 0, 1, 2, 4, 14, 15) : [(15240133854782598353), (15080909393856783471), (18287952925154369708), (410136472177414380), (7176520218862109971), (4573644224225624552)]
(3, 0, 1, 2, 5, 6, 7) : [(17352318858491403340), (8583649354344051229), (2468588295643143847), (1254577596691081141), (1728559257358128698), (14299849984561407017)]
(3, 0, 1, 2, 5, 6, 8) : [(15343825040842019206), (1530550102075699), (14070250127283644488), (15005731931543478744), (1054075323791446618), (2623212880740680145)]
(3, 0, 1, 2, 5, 6, 9) : [(14857536560776188723), (15509199825802636698), (6625678635293234402), (2922698060444785680), (2838842988784162328), (14028357324648599401)]
(3, 0, 1, 2, 5, 6, 10) : [(1732758557872866473), (12639160198820538081), (8957315677476683500), (3907870592624886520), (17983839261465556052), (14409264672811953488)]
(3, 0, 1, 2, 5, 6, 11) : [(12862247790707479157), (3541531207005496341), (15443349156916901000), (4436345685199555960), (17731295983784101631), (17394297806455596523)]
(3, 0, 1, 2, 5, 6, 12) : [(12173714430789591796), (1318995845124659166), (9583235113822559186), (10255066911721066117), (12972079704044051328), (10423723666628697560)]
(3, 0, 1, 2, 5, 6, 13) : [(7368380361372875504), (7533841019369438815), (17893215959234607440), (4384486621238015667), (18037943583450180546), (16895235010838965050)]
(3, 0, 1, 2, 5, 6, 14) : [(5106988567979005098), (9620763803009859513), (12226264421840056079), (17883456346177828871), (11693382432314859429), (3527509732303763388)]
(3, 0, 1, 2, 5, 6, 15) : [(13281721251429010827), (17377858323227082471), (17882105812316626321), (1455937348181753683), (2965543509938822540), (11870468297585608982)]
(3, 0, 1, 2, 5, 7, 8) : [(5774187159120492350), (5592953924452037677), (12423996176479702335), (5208261369911912900), (4217829152427557340), (12565211625613942452)]
(3, 0, 1, 2, 5, 7, 9) : [(7632793427004804381), (7066402770901323891), (17752834403649742060), (10877915497582309132), (13853663386907479649), (17021690453878243363)]
(3, 0, 1, 2, 5, 7, 10) : [(14623455211820209581), (12051269175740659751), (6723467596355574183), (15026896113568733270), (6824633593746109007), (6172134970535660789)]
(3, 0, 1, 2, 5, 7, 11) : [(13409548562980099479), (3700120244336030832), (7473262831060010652), (6488279967979266141), (10095189524322995616), (10530209978117948898)]
(3, 0, 1, 2, 5, 7, 12) : [(2639674708203307506), (6707661522926794565), (17159047092368081138), (6680218412945525278), (4014398163288956015), (18038470448364972898)]
(3, 0, 1, 2, 5, 7, 13) : [(16980987049353661004), (17281432616899477981), (6135756491570385845), (1558192137566521345), (2541875050938934144), (15870983281345399101)]
(3, 0, 1, 2, 5, 7, 14) : [(17245435334628257831), (6119703287857694388), (11405020338243732674), (10044434646465327360), (4138371035237454623), (16258602300951185930)]
(3, 0, 1, 2, 5, 7, 15) : [(12359107806156440475), (10526287265110965663), (3753720383512520785), (14454804707403475315), (12132917994147396125), (3026923779010857162)]
(3, 0, 1, 2, 5, 8, 9) : [(1271176640130781343), (2224466070119611876), (11961133646666501851), (1565427691153611112), (17272054866902165057), (4843651209733479616)]
(3, 0, 1, 2, 5, 8, 10) : [(17120379551586109423), (3026196587972172231), (6106223087554025656), (18433843553205017158), (14252090400294774809), (7098422631967414456)]
(3, 0, 1, 2, 5, 8, 11) : [(15764297557691078863), (10355437105320090533), (16898931882370519463), (665247461017121087), (9593003119662594725), (4833086479566182798)]
(3, 0, 1, 2, 5, 8, 12) : [(12383021166705138616), (11059506732907857826), (1565378820420622122), (7238341907328724672), (2397673981135259981), (7731536183751239659)]
(3, 0, 1, 2, 5, 8, 13) : [(767549153844520811), (3125327814234345561), (3775371456908121756), (1365771674275857954), (10381828816307949556), (13277912971170340425)]
(3, 0, 1, 2, 5, 8, 14) : [(9164996995169835334), (5377162760833735655), (7779343004135752805), (5915891683564828499), (17419146379536867557), (2474155180115601318)]
(3, 0, 1, 2, 5, 8, 15) : [(1373914531420572619), (1403767736388803472), (1863195819401583978), (12191984426690926901), (11311454133147376260), (16919787217670066369)]
(3, 0, 1, 2, 5, 9, 10) : [(5730669653372626912), (1912069484886734697), (6629814367408389500), (2795171923477402965), (7234530895725669359), (277547583589153907)]
(3, 0, 1, 2, 5, 9, 11) : [(10442338114299575671), (16023713527304163134), (5626878458875602807), (4484578036160749934), (5902578726545223277), (10342884959997325303)]
(3, 0, 1, 2, 5, 9, 12) : [(9310723185016760280), (16369610843521482056), (16321367271386660072), (15366318875453765539), (7074091754696238824), (4347628247093751287)]
(3, 0, 1, 2, 5, 9, 13) : [(14464288007960449937), (1912310157482686045), (8435444758239110907), (13770852216460213928), (1558273627625826282), (17132399041055783014)]
(3, 0, 1, 2, 5, 9, 14) : [(11295928001753128333), (17102447418276328106), (12686300625767051766), (5374262441414475251), (8155653544826960081), (12109825616570536027)]
(3, 0, 1, 2, 5, 9, 15) : [(5922171390980563852), (13465049878019413494), (10068120053575139473), (1342804556382001696), (4542346038567963147), (14814623414590215724)]
(3, 0, 1, 2, 5, 10, 11) : [(474651910327444855), (1529907931484658364), (7592257200367999173), (15726540814922364880), (9526212895506653463), (14253134576577048402)]
(3, 0, 1, 2, 5, 10, 12) : [(6511817123215049504), (717231780715424280), (1965679677575357729), (14618535715683883414), (284686795625747830), (13777369520849531627)]
(3, 0, 1, 2, 5, 10, 13) : [(3161712516987340497), (4905970603641035558), (7429846308009904551), (7919643527843869755), (144208510196942321), (15135089276632051501)]
(3, 0, 1, 2, 5, 10, 14) : [(677276513195498768), (7948994329517266529), (13159015003242729110), (8402941388407929008), (12090820543298431519), (15256516247827623519)]
(3, 0, 1, 2, 5, 10, 15) : [(1418551486173245659), (2144461203024719339), (10872758815326180735), (9816011304406321270), (14169664580004223237), (6957696953704866550)]
(3, 0, 1, 2, 5, 11, 12) : [(12224579468018917266), (15541216780422737221), (8294826864992694251), (14079601301931420370), (2600772906051487929), (7755982220410662573)]
(3, 0, 1, 2, 5, 11, 13) : [(14942948600182936959), (6480015135239895096), (16269580360832445525), (12939026439616786923), (1741528258822843421), (11013072717535035436)]
(3, 0, 1, 2, 5, 11, 14) : [(12678967325580130579), (6572280532645725384), (6532951744302837532), (15329940107112609507), (10876784245348571151), (18052041063523050934)]
(3, 0, 1, 2, 5, 11, 15) : [(6407151948445487101), (17701304144345010816), (9770166325560340618), (16655283258368913211), (1741131430502342059), (8496721594313145666)]
(3, 0, 1, 2, 5, 12, 13) : [(514054253386235519), (3751583405646539580), (7897587236863163052), (6353866800796210895), (12658471003206153497), (14110734124677510356)]
(3, 0, 1, 2, 5, 12, 14) : [(3559041434975907388), (11278183535854285304), (7332577515414528655), (13249969820701659758), (13815677091773537395), (6546752655830231816)]
(3, 0, 1, 2, 5, 12, 15) : [(13111010960615729104), (18188593172380457418), (1545911806149422598), (15351236808953544815), (11000338184455410565), (7162873785241928393)]
(3, 0, 1, 2, 5, 13, 14) : [(9498640073647165846), (9439980191027727679), (6665789924344807422), (15210460992164994528), (14215485123627718786), (8718334791258213798)]
(3, 0, 1, 2, 5, 13, 15) : [(5956018117635305887), (2731860023308173445), (15498446804932222450), (151913572356293116), (6667329390251503470), (6072203419366568184)]
(3, 0, 1, 2, 5, 14, 15) : [(2173893570275083229), (8241016807252525003), (17220398263448478664), (7207114231611150385), (3728090616665769047), (12168703100786262991)]
(3, 0, 1, 2, 6, 7, 8) : [(9420356170982980926), (2634739719835705149), (16023950102635921562), (18319052176885919923), (13134866836442380038), (18081622757872860349)]
(3, 0, 1, 2, 6, 7, 9) : [(18433979019032337821), (13079490879026728881), (7297005707457541144), (13418515541864146560), (13901792767442065491), (16240231903494070517)]
(3, 0, 1, 2, 6, 7, 10) : [(4257675820461431915), (155073481853411965), (15971795431602492346), (8504437895155407453), (1004740460090245070), (11512794720524841325)]
(3, 0, 1, 2, 6, 7, 11) : [(11932911274358232225), (17835609251182209665), (16752174269194028785), (10617877444831975313), (16114154940037186426), (15878767161031019197)]
(3, 0, 1, 2, 6, 7, 12) : [(10181321401687118371), (15971698013118992873), (2690084122414477216), (3799488757611565509), (9695413416775986810), (10576984702611866044)]
(3, 0, 1, 2, 6, 7, 13) : [(16388258884282623201), (10780272225322080839), (5282509265677682093), (10665986160195087730), (5739964556147771424), (16026498224742096207)]
(3, 0, 1, 2, 6, 7, 14) : [(16314596162452835157), (16187340851531427344), (12341242999124697507), (18389025940428212598), (13590487794638623420), (3308700727009685025)]
(3, 0, 1, 2, 6, 7, 15) : [(543693911238079974), (946905536871342636), (17644698466897823750), (3805742604026427729), (11869423070908964744), (8781885418546804394)]
(3, 0, 1, 2, 6, 8, 9) : [(7320192461562478387), (6861950659806651074), (8070150060881114717), (422591251553020251), (3716541062231907973), (2744187651007086643)]
(3, 0, 1, 2, 6, 8, 10) : [(5677806519750489987), (14515947643569755037), (8576883819966817057), (12180805634678683320), (10042970244119172602), (9332333243751327854)]
(3, 0, 1, 2, 6, 8, 11) : [(18184598394628078930), (13317071829954863973), (9034468057517217736), (13573947163026588231), (12902008296108295708), (835548990106859323)]
(3, 0, 1, 2, 6, 8, 12) : [(17052392762449319798), (13641652828242920045), (9108995889371174884), (4630503144094996962), (3759129868542926628), (13799221914916703182)]
(3, 0, 1, 2, 6, 8, 13) : [(3351482820342696921), (6275878096883916843), (2409668968215915954), (8075409277262902268), (12544360433541586157), (2469396574628317912)]
(3, 0, 1, 2, 6, 8, 14) : [(13555443189392796679), (7514211836554383688), (380510428762446863), (2308239690963321134), (14035378517358356045), (10314565870737176845)]
(3, 0, 1, 2, 6, 8, 15) : [(11417401827427052962), (3147266967306747082), (239924842175937876), (16144395552321388822), (6972883394206282406), (11990754127075000757)]
(3, 0, 1, 2, 6, 9, 10) : [(7072995879733326915), (14676631193556886662), (8119321514654011489), (16389062197894190120), (164705330045881562), (15663075986504495123)]
(3, 0, 1, 2, 6, 9, 11) : [(14759416271673481141), (5048401687494646824), (12606103693341684026), (7378420221249615662), (15286282447402766552), (7248916478566888170)]
(3, 0, 1, 2, 6, 9, 12) : [(11767991086033782316), (6269835951230236555), (15046663776518495470), (15054239914763564919), (9947996182193092361), (1050328606275217836)]
(3, 0, 1, 2, 6, 9, 13) : [(16011279278388580393), (18269521754507947323), (5137521781137355703), (6470825661308587501), (580432084779251944), (15949809688325309871)]
(3, 0, 1, 2, 6, 9, 14) : [(12958095008593260876), (14580830388318497224), (8746716088983702670), (5094380889241293402), (14401969063555828073), (14915226609070213541)]
(3, 0, 1, 2, 6, 9, 15) : [(5655347209335893241), (3519441345013530622), (5678303065940229492), (3788605779651793070), (5865875122179959758), (7197232136729827972)]
(3, 0, 1, 2, 6, 10, 11) : [(5415217846152529359), (7212977006127302976), (11695395481483330633), (15571525062970886254), (11280276984355875572), (14210115630379303341)]
(3, 0, 1, 2, 6, 10, 12) : [(5756822204849852478), (2283526758950148694), (13236457952741552651), (11918499510160942685), (12332050865562479883), (6957818547562663567)]
(3, 0, 1, 2, 6, 10, 13) : [(6224478070610694735), (3551363559408474317), (7501237519055349396), (10317021626702497233), (14921768494259452907), (17569463369043168994)]
(3, 0, 1, 2, 6, 10, 14) : [(12385106896415449704), (18212653788174062996), (16902034075618693739), (8206741083668120258), (3803988736655719100), (2424554244533475783)]
(3, 0, 1, 2, 6, 10, 15) : [(10705644094932920930), (7094255523990671646), (11721871843461109446), (16932564915328004494), (12654982340256530200), (14349377078150717996)]
(3, 0, 1, 2, 6, 11, 12) : [(7189656095642230341), (4636448731507650130), (9912546298324978998), (4249705867955175115), (13972435079573579510), (13915526666274580265)]
(3, 0, 1, 2, 6, 11, 13) : [(2987281654635878626), (14718050192792114792), (12472747809194583514), (15655321140685524012), (793264310372262623), (1309872163612672678)]
(3, 0, 1, 2, 6, 11, 14) : [(8143148451883662021), (10710753429316723325), (8129959900643597571), (7143363365335616760), (15489547752394936232), (2370455065752127843)]
(3, 0, 1, 2, 6, 11, 15) : [(6196108590407846564), (17117642129847799961), (16997967360232168673), (4475662562714764773), (14112633144482469397), (15738191921150131721)]
(3, 0, 1, 2, 6, 12, 13) : [(10530360763422228221), (16848588907825163073), (17326029965081409408), (12221789832531844111), (9927930838343487984), (17612524216503775712)]
(3, 0, 1, 2, 6, 12, 14) : [(10417151040551248393), (6308267199518809202), (15530257953617531818), (6478246493342324794), (4060147791836691145), (3523652364902038818)]
(3, 0, 1, 2, 6, 12, 15) : [(17273594158029377378), (14410183311656257339), (5160571821496057759), (983057709971846508), (3005435437693775523), (6234748794301164193)]
(3, 0, 1, 2, 6, 13, 14) : [(14326536925551048208), (7060659635546547944), (3115084021754603285), (10508245602871272008), (13073727361201445376), (1947034901398507354)]
(3, 0, 1, 2, 6, 13, 15) : [(5454499297250344812), (3997970687658577263), (1796414911380770103), (232521648736121116), (11866381007427431129), (17591858369091296514)]
(3, 0, 1, 2, 6, 14, 15) : [(9961004026318758083), (3673738523989438753), (3400803877625996999), (5912396448725364698), (517955462779745384), (12017055362596414252)]
(3, 0, 1, 2, 7, 8, 9) : [(15424362371133388534), (8314145376631599109), (17207413221649913133), (8577686190525112781), (11483762185460079099), (13902544553857941998)]
(3, 0, 1, 2, 7, 8, 10) : [(11361233815504303657), (3562918702432894444), (15049128803358560859), (14242075267858771325), (6010137762382109153), (7648646250936881799)]
(3, 0, 1, 2, 7, 8, 11) : [(15418171541222748137), (7858230825982407302), (7273391817640155168), (18088929806584874517), (6433418109297300247), (3419878003662844837)]
(3, 0, 1, 2, 7, 8, 12) : [(9677476736077282002), (13941477591507840733), (8245020983711745377), (14166485726787121565), (12149887293561574900), (6401642520561136979)]
(3, 0, 1, 2, 7, 8, 13) : [(7886120409338871399), (3014679713760351083), (1710118402985671994), (12662363230152186895), (2683734431671843458), (15601918529032753037)]
(3, 0, 1, 2, 7, 8, 14) : [(122048638587658117), (11681296607588950490), (12704468354341451519), (11236596753808760804), (1849175980150744857), (14929571368850940804)]
(3, 0, 1, 2, 7, 8, 15) : [(6145148525327182303), (10015679937675220398), (2095276421711770240), (4533868996825588129), (15759041181373447804), (12298478607224798288)]
(3, 0, 1, 2, 7, 9, 10) : [(17732596857405277198), (2770628207904213157), (17884265379868500195), (1406170698765645477), (13353554223776189708), (1474129997148986808)]
(3, 0, 1, 2, 7, 9, 11) : [(10974822399793861160), (17258698367285704997), (6538487769818117629), (7736796924729045105), (6458870168400512613), (7175819013641030401)]
(3, 0, 1, 2, 7, 9, 12) : [(9777038992636344788), (14419689603985609595), (4443276962725123040), (13539372887860101593), (16085341390907207220), (7688889698646844422)]
(3, 0, 1, 2, 7, 9, 13) : [(14736546118578455807), (17510252978199155426), (439075688819191461), (13167488168216549799), (5201422672218379182), (3728751931489205157)]
(3, 0, 1, 2, 7, 9, 14) : [(1228447402192608673), (1222206390353195823), (7556845317341682194), (8564399079334937518), (2621695201592977298), (4378918841184228661)]
(3, 0, 1, 2, 7, 9, 15) : [(14043167868451720019), (7688797821204996418), (1330265683334087759), (7337400528527913781), (18128233863487928429), (4241508368672422011)]
(3, 0, 1, 2, 7, 10, 11) : [(7454422976937175393), (7590300710281960900), (7461231984284779117), (14671224673619898817), (9175572384191653240), (2214267683232836963)]
(3, 0, 1, 2, 7, 10, 12) : [(13274462362414650166), (17232404361479601924), (16644652214670955778), (1483125077439340926), (17315387298068351535), (9952325967849765561)]
(3, 0, 1, 2, 7, 10, 13) : [(1358654180846446772), (5423688224032207962), (17982593240562489801), (17060430967726086967), (17652292505910171525), (17421170144875656482)]
(3, 0, 1, 2, 7, 10, 14) : [(8668732692733141920), (14796238475551228407), (10542754590180684358), (1925541984730294255), (488651824115773250), (3188174543003270729)]
(3, 0, 1, 2, 7, 10, 15) : [(16337779565628935410), (1059540102952029141), (16010655351407874920), (6576583666443648961), (3834137187250317275), (18304578216136430463)]
(3, 0, 1, 2, 7, 11, 12) : [(4107615558883145573), (2714011350533350329), (2909802665351904356), (15138513191221093552), (6697472760695548641), (5043265554967728573)]
(3, 0, 1, 2, 7, 11, 13) : [(8686380210070392980), (8171567548228563919), (17059710987037066617), (10920734241172985759), (13059065293500545634), (3547897277471478493)]
(3, 0, 1, 2, 7, 11, 14) : [(15929680005379173495), (1577641648346760190), (14057096388173264454), (5309405504240398102), (2790623623127739017), (10273648292916937967)]
(3, 0, 1, 2, 7, 11, 15) : [(2414634713991785866), (15658320840702001015), (7773127689373839960), (14280745325388675254), (3530778893579653674), (17126505833619764688)]
(3, 0, 1, 2, 7, 12, 13) : [(8442511493288139715), (11784848265645143989), (1432839077807442996), (14077448692349701910), (9977922271797935967), (11432656005940446293)]
(3, 0, 1, 2, 7, 12, 14) : [(16972150978086100924), (16621919007053479299), (16872933706232904959), (6174491364617912059), (13399230805070158262), (642755421194627258)]
(3, 0, 1, 2, 7, 12, 15) : [(7930061144079868199), (16402802488797533125), (5317890421129080373), (16647903584239412153), (4968227522659637441), (2347601292594598763)]
(3, 0, 1, 2, 7, 13, 14) : [(2511589313364870984), (18211032817068680762), (15097020346691201354), (14544228117273064058), (14576077623727544233), (2712380468770077610)]
(3, 0, 1, 2, 7, 13, 15) : [(17007787496213836508), (15470236766663524003), (10550244604092481916), (18391888610339967888), (8568269616193363075), (10802522573610876398)]
(3, 0, 1, 2, 7, 14, 15) : [(10690248022458905233), (3618333248211824954), (2427346352232338859), (4629735555930933898), (6524480918722650611), (13090789624603878076)]
(3, 0, 1, 2, 8, 9, 10) : [(3277737757108081076), (10412360479649815298), (20379922439037593), (9562655571714905483), (2562010679166132907), (6481030031638439352)]
(3, 0, 1, 2, 8, 9, 11) : [(17286779349290679451), (13301588296400015027), (9599413182959068152), (12774178540824589899), (18174275290514471613), (7900935592682430855)]
(3, 0, 1, 2, 8, 9, 12) : [(14830137995076510677), (16218510738281413516), (3677228157524676909), (293403901102624395), (11354260254349834999), (4557319554750091760)]
(3, 0, 1, 2, 8, 9, 13) : [(13404570049439493886), (16417649016947311010), (14024003860109600013), (9467425505078426708), (3150896420636022751), (13780765988439995686)]
(3, 0, 1, 2, 8, 9, 14) : [(12001913082358493279), (14918385001313050344), (12341061653463665735), (1916649136928718898), (10186359539091961846), (15247153560009040313)]
(3, 0, 1, 2, 8, 9, 15) : [(14673241815630823460), (10158296437801930405), (5709702583852174977), (7190125304926022009), (15501576310106020037), (18346817917972249713)]
(3, 0, 1, 2, 8, 10, 11) : [(12740505270307605642), (17699292817198186653), (5896850244816561821), (11189162266111995781), (16923735644868704604), (1263433310873050570)]
(3, 0, 1, 2, 8, 10, 12) : [(4524437072295776189), (11373381344201134219), (16733031625089429959), (17282080363679748430), (13234714169746487421), (7258797789701826978)]
(3, 0, 1, 2, 8, 10, 13) : [(16020425502856493648), (3265438544901664885), (15999214087429266764), (14823333697047761849), (1454864600330225755), (13810702670652867430)]
(3, 0, 1, 2, 8, 10, 14) : [(484756558012918534), (6935409484483828907), (868908358928775841), (1017502638274551697), (17808058168776481144), (6116593905623864482)]
(3, 0, 1, 2, 8, 10, 15) : [(7097902165132617619), (7174759584006316933), (1513704803138150190), (14180444670265594573), (939758610514734232), (11762807426603274500)]
(3, 0, 1, 2, 8, 11, 12) : [(7138277004368089232), (2418105878198401622), (2143334810489058778), (11631507477534621624), (11027853683801719254), (8609905720663833822)]
(3, 0, 1, 2, 8, 11, 13) : [(15679994786340561117), (6360100551272639180), (12308020475227451189), (8386322541156210003), (15594341406064118486), (1304858436997640228)]
(3, 0, 1, 2, 8, 11, 14) : [(6462543806863815801), (15265852542615189443), (2261195671938795679), (13682225592541215634), (4132366036004774203), (9477456660333178553)]
(3, 0, 1, 2, 8, 11, 15) : [(11736557634021647992), (15751395906903010428), (2613258263667034972), (10227188224059286528), (9295626593288206898), (1868746707394288649)]
(3, 0, 1, 2, 8, 12, 13) : [(8029701259311758020), (2388215049336141664), (13601339452522065488), (8446313055901425634), (7548940104583061031), (2053360632360727459)]
(3, 0, 1, 2, 8, 12, 14) : [(18218717052771593536), (801606100749309361), (2480973117790078345), (12214468393409182073), (14698944819462028570), (9887247748994024344)]
(3, 0, 1, 2, 8, 12, 15) : [(7506912549333038266), (2962783338906255188), (5577900340350937476), (2058031080639954690), (2137160781215807832), (12484229311236515596)]
(3, 0, 1, 2, 8, 13, 14) : [(10544411128171894311), (2486220964470101811), (11516409563508915597), (15211765617777122237), (8623118794026242944), (15527108216940504357)]
(3, 0, 1, 2, 8, 13, 15) : [(15819221475168210585), (5079731736643463606), (13179928755348677490), (12950619079404379404), (3588322326836638657), (14028913127233035567)]
(3, 0, 1, 2, 8, 14, 15) : [(1699412348468675617), (17381192419985684353), (15526918977545349067), (18268136327048942398), (10337011359347117675), (10561630557335861270)]
(3, 0, 1, 2, 9, 10, 11) : [(3538163574381091833), (10214210256698303052), (15357439421897271009), (7052052468575002794), (11651379854694156602), (12154565053579893796)]
(3, 0, 1, 2, 9, 10, 12) : [(472697548684001264), (7502480035473017109), (11628613610108267097), (13011478472504046124), (2263506805596812755), (14859288984468996228)]
(3, 0, 1, 2, 9, 10, 13) : [(15242164259739917227), (3526386561644672857), (4105130393383913800), (17684750089941668201), (1414764997682767012), (18408725878723415434)]
(3, 0, 1, 2, 9, 10, 14) : [(3316326197533399728), (16589801778355733640), (14044824991604082852), (18012222082332752860), (3139276890969457096), (2325218207388647845)]
(3, 0, 1, 2, 9, 10, 15) : [(5671037336353285447), (4347603735196058303), (5631925333802014177), (7120089808229197179), (3879127095196373608), (6713376158652837322)]
(3, 0, 1, 2, 9, 11, 12) : [(18355564688030181448), (3799997594614160537), (16675974680687299921), (12160903867641973415), (2208146425833360700), (1229660303226047806)]
(3, 0, 1, 2, 9, 11, 13) : [(15432727537534361917), (9624609041751021532), (14857139888458764575), (3143509967307493493), (9140500134994626009), (15938636254311022815)]
(3, 0, 1, 2, 9, 11, 14) : [(12256014028696231171), (8704855537860157239), (11609387620163099645), (7422940688626248616), (185433783881180810), (16387050348658311716)]
(3, 0, 1, 2, 9, 11, 15) : [(9519339674779039116), (2249195791263804282), (8563789365552279159), (9286488860941531409), (9247744596343702569), (9392962114887000805)]
(3, 0, 1, 2, 9, 12, 13) : [(6629003499220370568), (2661017189839867940), (1603453833905623773), (7546380423730299692), (15277944787680240345), (9481588604689692703)]
(3, 0, 1, 2, 9, 12, 14) : [(11896421469395529290), (18290979267057540179), (10406705824126390823), (13678970615673922825), (4196845014413989403), (14424292162992760659)]
(3, 0, 1, 2, 9, 12, 15) : [(18266403681589515730), (17024683332188816745), (8276194788493084132), (11768334316705916913), (7735646992182025497), (3477156879604950389)]
(3, 0, 1, 2, 9, 13, 14) : [(4285492307925731014), (2331725833423055636), (5063022117225776082), (10449912384596995677), (13335931616919217007), (11603912837004397398)]
(3, 0, 1, 2, 9, 13, 15) : [(11328684470168427910), (10350176963202366799), (1431675634393488172), (10031203221684222958), (9617265459632135248), (10115896827460387182)]
(3, 0, 1, 2, 9, 14, 15) : [(2882022504286724020), (7913638106190087578), (8873175636853022477), (8217371115713677268), (2327274048481074166), (2638304762391396561)]
(3, 0, 1, 2, 10, 11, 12) : [(2872655341468361740), (9457857795715208358), (6525235798709545523), (2071682374521049106), (13057483424184864810), (18237465028424846390)]
(3, 0, 1, 2, 10, 11, 13) : [(18127047873205265393), (596707404924635825), (11603644289250286617), (2854309409560643975), (17220976077305618628), (8840271461581502853)]
(3, 0, 1, 2, 10, 11, 14) : [(8765968824477725855), (6636236975118253218), (9360121399547956708), (1698565999512394248), (10938990193851246951), (11688134649394429435)]
(3, 0, 1, 2, 10, 11, 15) : [(16299720682657918997), (4032670581930202299), (5218943093225818273), (8896751831597532141), (15343273558795613117), (2062979414461340689)]
(3, 0, 1, 2, 10, 12, 13) : [(1592032979473873058), (15133459302453045905), (5428219830083716050), (11622123870302492384), (190349975540204259), (18369740697258912205)]
(3, 0, 1, 2, 10, 12, 14) : [(799125451298942814), (17156370714949539635), (13613146243602411898), (6667101996754787068), (18114036170597503681), (8893079953047041093)]
(3, 0, 1, 2, 10, 12, 15) : [(13881172096318205233), (8947915569375501544), (17335371614435219893), (4974079408962397621), (12368349302338987314), (11895356371194399323)]
(3, 0, 1, 2, 10, 13, 14) : [(7069691661310950623), (5732628865132960730), (2956865889156752879), (10374385910201698840), (6003742008388232278), (108281399031918304)]
(3, 0, 1, 2, 10, 13, 15) : [(3813978149714071830), (17726590497908082323), (14495411681373667969), (5289998562294004658), (9574592533833135686), (5318594604735833666)]
(3, 0, 1, 2, 10, 14, 15) : [(4453225393620902661), (12500635492414929964), (17048524272757073865), (3198840880886872917), (12349297253948668631), (13618615647512121785)]
(3, 0, 1, 2, 11, 12, 13) : [(2628010589952275302), (3786836776093950549), (18087543536094450899), (13965618777447482962), (2489396132524784047), (8708611066746347606)]
(3, 0, 1, 2, 11, 12, 14) : [(7420030487654613716), (14446973121372595802), (14183313954132656640), (14772486342866012989), (14127570391471636993), (4124377926820333646)]
(3, 0, 1, 2, 11, 12, 15) : [(15836989025596946385), (3301365785094236058), (1364326315900396238), (2250279537469539493), (17863345146687623218), (9250729415014177088)]
(3, 0, 1, 2, 11, 13, 14) : [(18034083081342574893), (17249528933189103021), (10712819532290625088), (14651876447178590593), (18119445815142711722), (10021113188325511275)]
(3, 0, 1, 2, 11, 13, 15) : [(1668792421885402474), (16666631207074871115), (2037052637159858853), (16428756262282442761), (4386797899390600193), (17934099758831638929)]
(3, 0, 1, 2, 11, 14, 15) : [(2449565631101477790), (14594633741883500087), (16642835313650099156), (15042503630592925598), (9914830733311640235), (12456629646375987308)]
(3, 0, 1, 2, 12, 13, 14) : [(1087728898394578739), (6472865301343020427), (5333186264908817339), (1800178851580139306), (7115113267412782732), (18395542210743613097)]
(3, 0, 1, 2, 12, 13, 15) : [(5483994112434230138), (1475932049096331096), (16631849167010016433), (10788970228447439982), (15768415288624166039), (3591250077912618038)]
(3, 0, 1, 2, 12, 14, 15) : [(8490351091833124035), (18304286923187844762), (984794756447770650), (14879462326217822499), (5312275016497924774), (11754625927147292506)]
(3, 0, 1, 2, 13, 14, 15) : [(13326393717675810648), (1669487691065029830), (8871957926410914945), (11864390881805494291), (156368053185034912), (4488648961176546808)]
[0, 0, 0, 0, 0, 0, 0, 0] 0
[1, 0, 0, 0, 0, 0, 0, 0] 1
[2, 0, 0, 0, 0, 0, 0, 0] 2
[3, 0, 0, 0, 0, 0, 0, 0] 3
[4, 0, 0, 0, 0, 0, 0, 0] 4
[5, 0, 0, 0, 0, 0, 0, 0] 5
[6, 0, 0, 0, 0, 0, 0, 0] 6
[7, 0, 0, 0, 0, 0, 0, 0] 7
[8, 0, 0, 0, 0, 0, 0, 0] 8
[9, 0, 0, 0, 0, 0, 0, 0] 9
[10, 0, 0, 0, 0, 0, 0, 0] 10
[11, 0, 0, 0, 0, 0, 0, 0] 11
[12, 0, 0, 0, 0, 0, 0, 0] 12
[13, 0, 0, 0, 0, 0, 0, 0] 13
[14, 0, 0, 0, 0, 0, 0, 0] 14
[15, 0, 0, 0, 0, 0, 0, 0] 15
[16, 0, 0, 0, 0, 0, 0, 0] 16
[17, 0, 0, 0, 0, 0, 0, 0] 17
[18, 0, 0, 0, 0, 0, 0, 0] 18
[19, 0, 0, 0, 0, 0, 0, 0] 19
[20, 0, 0, 0, 0, 0, 0, 0] 20
[21, 0, 0, 0, 0, 0, 0, 0] 21
[22, 0, 0, 0, 0, 0, 0, 0] 22
[23, 0, 0, 0, 0, 0, 0, 0] 23
[24, 0, 0, 0, 0, 0, 0, 0] 24
[25, 0, 0, 0, 0, 0, 0, 0] 25
[26, 0, 0, 0, 0, 0, 0, 0] 26
[27, 0, 0, 0, 0, 0, 0, 0] 27
[28, 0, 0, 0, 0, 0, 0, 0] 28
[29, 0, 0, 0, 0, 0, 0, 0] 29
[30, 0, 0, 0, 0, 0, 0, 0] 30
[31, 0, 0, 0, 0, 0, 0, 0] 31
[32, 0, 0, 0, 0, 0, 0, 0] 32
[33, 0, 0, 0, 0, 0, 0, 0] 33
[34, 0, 0, 0, 0, 0, 0, 0] 34
[35, 0, 0, 0, 0, 0, 0, 0] 35
[36, 0, 0, 0, 0, 0, 0, 0] 36
[37, 0, 0, 0, 0, 0, 0, 0] 37
[38, 0, 0, 0, 0, 0, 0, 0] 38
[39, 0, 0, 0, 0, 0, 0, 0] 39
[40, 0, 0, 0, 0, 0, 0, 0] 40
[41, 0, 0, 0, 0, 0, 0, 0] 41
[42, 0, 0, 0, 0, 0, 0, 0] 42
[43, 0, 0, 0, 0, 0, 0, 0] 43
[44, 0, 0, 0, 0, 0, 0, 0] 44
[45, 0, 0, 0, 0, 0, 0, 0] 45
[46, 0, 0, 0, 0, 0, 0, 0] 46
[47, 0, 0, 0, 0, 0, 0, 0] 47
[48, 0, 0, 0, 0, 0, 0, 0] 48
[49, 0, 0, 0, 0, 0, 0, 0] 49
[50, 0, 0, 0, 0, 0, 0, 0] 50
[51, 0, 0, 0, 0, 0, 0, 0] 51
[52, 0, 0, 0, 0, 0, 0, 0] 52
[53, 0, 0, 0, 0, 0, 0, 0] 53
[54, 0, 0, 0, 0, 0, 0, 0] 54
[55, 0, 0, 0, 0, 0, 0, 0] 55
[56, 0, 0, 0, 0, 0, 0, 0] 56
[57, 0, 0, 0, 0, 0, 0, 0] 57
[58, 0, 0, 0, 0, 0, 0, 0] 58
[59, 0, 0, 0, 0, 0, 0, 0] 59
[60, 0, 0, 0, 0, 0, 0, 0] 60
[61, 0, 0, 0, 0, 0, 0, 0] 61
[62, 0, 0, 0, 0, 0, 0, 0] 62
[63, 0, 0, 0, 0, 0, 0, 0] 63
[64, 0, 0, 0, 0, 0, 0, 0] 64
[65, 0, 0, 0, 0, 0, 0, 0] 65
[66, 0, 0, 0, 0, 0, 0, 0] 66
[67, 0, 0, 0, 0, 0, 0, 0] 67
[68, 0, 0, 0, 0, 0, 0, 0] 68
[69, 0, 0, 0, 0, 0, 0, 0] 69
[70, 0, 0, 0, 0, 0, 0, 0] 70
[71, 0, 0, 0, 0, 0, 0, 0] 71
[72, 0, 0, 0, 0, 0, 0, 0] 72
[73, 0, 0, 0, 0, 0, 0, 0] 73
[74, 0, 0, 0, 0, 0, 0, 0] 74
[75, 0, 0, 0, 0, 0, 0, 0] 75
[76, 0, 0, 0, 0, 0, 0, 0] 76
[77, 0, 0, 0, 0, 0, 0, 0] 77
[78, 0, 0, 0, 0, 0, 0, 0] 78
[79, 0, 0, 0, 0, 0, 0, 0] 79
[80, 0, 0, 0, 0, 0, 0, 0] 80
[81, 0, 0, 0, 0, 0, 0, 0] 81
[82, 0, 0, 0, 0, 0, 0, 0] 82
[83, 0, 0, 0, 0, 0, 0, 0] 83
[84, 0, 0, 0, 0, 0, 0, 0] 84
[85, 0, 0, 0, 0, 0, 0, 0] 85
[86, 0, 0, 0, 0, 0, 0, 0] 86
[87, 0, 0, 0, 0, 0, 0, 0] 87
[88, 0, 0, 0, 0, 0, 0, 0] 88
[89, 0, 0, 0, 0, 0, 0, 0] 89
[90, 0, 0, 0, 0, 0, 0, 0] 90
[91, 0, 0, 0, 0, 0, 0, 0] 91
[92, 0, 0, 0, 0, 0, 0, 0] 92
[93, 0, 0, 0, 0, 0, 0, 0] 93
[94, 0, 0, 0, 0, 0, 0, 0] 94
[95, 0, 0, 0, 0, 0, 0, 0] 95
[96, 0, 0, 0, 0, 0, 0, 0] 96
[97, 0, 0, 0, 0, 0, 0, 0] 97
[98, 0, 0, 0, 0, 0, 0, 0] 98
[99, 0, 0, 0, 0, 0, 0, 0] 99
[100, 0, 0, 0, 0, 0, 0, 0] 100
[101, 0, 0, 0, 0, 0, 0, 0] 101
[102, 0, 0, 0, 0, 0, 0, 0] 102
[103, 0, 0, 0, 0, 0, 0, 0] 103
[104, 0, 0, 0, 0, 0, 0, 0] 104
[105, 0, 0, 0, 0, 0, 0, 0] 105
[106, 0, 0, 0, 0, 0, 0, 0] 106
[107, 0, 0, 0, 0, 0, 0, 0] 107
[108, 0, 0, 0, 0, 0, 0, 0] 108
[109, 0, 0, 0, 0, 0, 0, 0] 109
[110, 0, 0, 0, 0, 0, 0, 0] 110
[111, 0, 0, 0, 0, 0, 0, 0] 111
[112, 0, 0, 0, 0, 0, 0, 0] 112
[113, 0, 0, 0, 0, 0, 0, 0] 113
[114, 0, 0, 0, 0, 0, 0, 0] 114
[115, 0, 0, 0, 0, 0, 0, 0] 115
[116, 0, 0, 0, 0, 0, 0, 0] 116
[117, 0, 0, 0, 0, 0, 0, 0] 117
[118, 0, 0, 0, 0, 0, 0, 0] 118
[119, 0, 0, 0, 0, 0, 0, 0] 119
[120, 0, 0, 0, 0, 0, 0, 0] 120
[121, 0, 0, 0, 0, 0, 0, 0] 121
[122, 0, 0, 0, 0, 0, 0, 0] 122
[123, 0, 0, 0, 0, 0, 0, 0] 123
[124, 0, 0, 0, 0, 0, 0, 0] 124
[125, 0, 0, 0, 0, 0, 0, 0] 125
[126, 0, 0, 0, 0, 0, 0, 0] 126
[127, 0, 0, 0, 0, 0, 0, 0] 127
[128, 0, 0, 0, 0, 0, 0, 0] 128
[129, 0, 0, 0, 0, 0, 0, 0] 129
[130, 0, 0, 0, 0, 0, 0, 0] 130
[131, 0, 0, 0, 0, 0, 0, 0] 131
[132, 0, 0, 0, 0, 0, 0, 0] 132
[133, 0, 0, 0, 0, 0, 0, 0] 133
[134, 0, 0, 0, 0, 0, 0, 0] 134
[135, 0, 0, 0, 0, 0, 0, 0] 135
[136, 0, 0, 0, 0, 0, 0, 0] 136
[137, 0, 0, 0, 0, 0, 0, 0] 137
[138, 0, 0, 0, 0, 0, 0, 0] 138
[139, 0, 0, 0, 0, 0, 0, 0] 139
[140, 0, 0, 0, 0, 0, 0, 0] 140
[141, 0, 0, 0, 0, 0, 0, 0] 141
[142, 0, 0, 0, 0, 0, 0, 0] 142
[143, 0, 0, 0, 0, 0, 0, 0] 143
[144, 0, 0, 0, 0, 0, 0, 0] 144
[145, 0, 0, 0, 0, 0, 0, 0] 145
[146, 0, 0, 0, 0, 0, 0, 0] 146
[147, 0, 0, 0, 0, 0, 0, 0] 147
[148, 0, 0, 0, 0, 0, 0, 0] 148
[149, 0, 0, 0, 0, 0, 0, 0] 149
[150, 0, 0, 0, 0, 0, 0, 0] 150
[151, 0, 0, 0, 0, 0, 0, 0] 151
[152, 0, 0, 0, 0, 0, 0, 0] 152
[153, 0, 0, 0, 0, 0, 0, 0] 153
[154, 0, 0, 0, 0, 0, 0, 0] 154
[155, 0, 0, 0, 0, 0, 0, 0] 155
[156, 0, 0, 0, 0, 0, 0, 0] 156
[157, 0, 0, 0, 0, 0, 0, 0] 157
[158, 0, 0, 0, 0, 0, 0, 0] 158
[159, 0, 0, 0, 0, 0, 0, 0] 159
[160, 0, 0, 0, 0, 0, 0, 0] 160
[161, 0, 0, 0, 0, 0, 0, 0] 161
[162, 0, 0, 0, 0, 0, 0, 0] 162
[163, 0, 0, 0, 0, 0, 0, 0] 163
[164, 0, 0, 0, 0, 0, 0, 0] 164
[165, 0, 0, 0, 0, 0, 0, 0] 165
[166, 0, 0, 0, 0, 0, 0, 0] 166
[167, 0, 0, 0, 0, 0, 0, 0] 167
[168, 0, 0, 0, 0, 0, 0, 0] 168
[169, 0, 0, 0, 0, 0, 0, 0] 169
[170, 0, 0, 0, 0, 0, 0, 0] 170
[171, 0, 0, 0, 0, 0, 0, 0] 171
[172, 0, 0, 0, 0, 0, 0, 0] 172
[173, 0, 0, 0, 0, 0, 0, 0] 173
[174, 0, 0, 0, 0, 0, 0, 0] 174
[175, 0, 0, 0, 0, 0, 0, 0] 175
[176, 0, 0, 0, 0, 0, 0, 0] 176
[177, 0, 0, 0, 0, 0, 0, 0] 177
[178, 0, 0, 0, 0, 0, 0, 0] 178
[179, 0, 0, 0, 0, 0, 0, 0] 179
[180, 0, 0, 0, 0, 0, 0, 0] 180
[181, 0, 0, 0, 0, 0, 0, 0] 181
[182, 0, 0, 0, 0, 0, 0, 0] 182
[183, 0, 0, 0, 0, 0, 0, 0] 183
[184, 0, 0, 0, 0, 0, 0, 0] 184
[185, 0, 0, 0, 0, 0, 0, 0] 185
[186, 0, 0, 0, 0, 0, 0, 0] 186
[187, 0, 0, 0, 0, 0, 0, 0] 187
[188, 0, 0, 0, 0, 0, 0, 0] 188
[189, 0, 0, 0, 0, 0, 0, 0] 189
[190, 0, 0, 0, 0, 0, 0, 0] 190
[191, 0, 0, 0, 0, 0, 0, 0] 191
[192, 0, 0, 0, 0, 0, 0, 0] 192
[193, 0, 0, 0, 0, 0, 0, 0] 193
[194, 0, 0, 0, 0, 0, 0, 0] 194
[195, 0, 0, 0, 0, 0, 0, 0] 195
[196, 0, 0, 0, 0, 0, 0, 0] 196
[197, 0, 0, 0, 0, 0, 0, 0] 197
[198, 0, 0, 0, 0, 0, 0, 0] 198
[199, 0, 0, 0, 0, 0, 0, 0] 199
[200, 0, 0, 0, 0, 0, 0, 0] 200
[201, 0, 0, 0, 0, 0, 0, 0] 201
[202, 0, 0, 0, 0, 0, 0, 0] 202
[203, 0, 0, 0, 0, 0, 0, 0] 203
[204, 0, 0, 0, 0, 0, 0, 0] 204
[205, 0, 0, 0, 0, 0, 0, 0] 205
[206, 0, 0, 0, 0, 0, 0, 0] 206
[207, 0, 0, 0, 0, 0, 0, 0] 207
[208, 0, 0, 0, 0, 0, 0, 0] 208
[209, 0, 0, 0, 0, 0, 0, 0] 209
[210, 0, 0, 0, 0, 0, 0, 0] 210
[211, 0, 0, 0, 0, 0, 0, 0] 211
[212, 0, 0, 0, 0, 0, 0, 0] 212
[213, 0, 0, 0, 0, 0, 0, 0] 213
[214, 0, 0, 0, 0, 0, 0, 0] 214
[215, 0, 0, 0, 0, 0, 0, 0] 215
[216, 0, 0, 0, 0, 0, 0, 0] 216
[217, 0, 0, 0, 0, 0, 0, 0] 217
[218, 0, 0, 0, 0, 0, 0, 0] 218
[219, 0, 0, 0, 0, 0, 0, 0] 219
[220, 0, 0, 0, 0, 0, 0, 0] 220
[221, 0, 0, 0, 0, 0, 0, 0] 221
[222, 0, 0, 0, 0, 0, 0, 0] 222
[223, 0, 0, 0, 0, 0, 0, 0] 223
[224, 0, 0, 0, 0, 0, 0, 0] 224
[225, 0, 0, 0, 0, 0, 0, 0] 225
[226, 0, 0, 0, 0, 0, 0, 0] 226
[227, 0, 0, 0, 0, 0, 0, 0] 227
[228, 0, 0, 0, 0, 0, 0, 0] 228
[229, 0, 0, 0, 0, 0, 0, 0] 229
[230, 0, 0, 0, 0, 0, 0, 0] 230
[231, 0, 0, 0, 0, 0, 0, 0] 231
[232, 0, 0, 0, 0, 0, 0, 0] 232
[233, 0, 0, 0, 0, 0, 0, 0] 233
[234, 0, 0, 0, 0, 0, 0, 0] 234
[235, 0, 0, 0, 0, 0, 0, 0] 235
[236, 0, 0, 0, 0, 0, 0, 0] 236
[237, 0, 0, 0, 0, 0, 0, 0] 237
[238, 0, 0, 0, 0, 0, 0, 0] 238
[239, 0, 0, 0, 0, 0, 0, 0] 239
[240, 0, 0, 0, 0, 0, 0, 0] 240
[241, 0, 0, 0, 0, 0, 0, 0] 241
[242, 0, 0, 0, 0, 0, 0, 0] 242
[243, 0, 0, 0, 0, 0, 0, 0] 243
[244, 0, 0, 0, 0, 0, 0, 0] 244
[245, 0, 0, 0, 0, 0, 0, 0] 245
[246, 0, 0, 0, 0, 0, 0, 0] 246
[247, 0, 0, 0, 0, 0, 0, 0] 247
[248, 0, 0, 0, 0, 0, 0, 0] 248
[249, 0, 0, 0, 0, 0, 0, 0] 249
[250, 0, 0, 0, 0, 0, 0, 0] 250
[251, 0, 0, 0, 0, 0, 0, 0] 251
[252, 0, 0, 0, 0, 0, 0, 0] 252
[253, 0, 0, 0, 0, 0, 0, 0] 253
[254, 0, 0, 0, 0, 0, 0, 0] 254
[255, 0, 0, 0, 0, 0, 0, 0] 255
[0, 0, 0, 0, 0, 0, 0, 0] 0
[0, 1, 0, 0, 0, 0, 0, 0] 256
[0, 2, 0, 0, 0, 0, 0, 0] 512
[0, 3, 0, 0, 0, 0, 0, 0] 768
[0, 4, 0, 0, 0, 0, 0, 0] 1024
[0, 5, 0, 0, 0, 0, 0, 0] 1280
[0, 6, 0, 0, 0, 0, 0, 0] 1536
[0, 7, 0, 0, 0, 0, 0, 0] 1792
[0, 8, 0, 0, 0, 0, 0, 0] 2048
[0, 9, 0, 0, 0, 0, 0, 0] 2304
[0, 10, 0, 0, 0, 0, 0, 0] 2560
[0, 11, 0, 0, 0, 0, 0, 0] 2816
[0, 12, 0, 0, 0, 0, 0, 0] 3072
[0, 13, 0, 0, 0, 0, 0, 0] 3328
[0, 14, 0, 0, 0, 0, 0, 0] 3584
[0, 15, 0, 0, 0, 0, 0, 0] 3840
[0, 16, 0, 0, 0, 0, 0, 0] 4096
[0, 17, 0, 0, 0, 0, 0, 0] 4352
[0, 18, 0, 0, 0, 0, 0, 0] 4608
[0, 19, 0, 0, 0, 0, 0, 0] 4864
[0, 20, 0, 0, 0, 0, 0, 0] 5120
[0, 21, 0, 0, 0, 0, 0, 0] 5376
[0, 22, 0, 0, 0, 0, 0, 0] 5632
[0, 23, 0, 0, 0, 0, 0, 0] 5888
[0, 24, 0, 0, 0, 0, 0, 0] 6144
[0, 25, 0, 0, 0, 0, 0, 0] 6400
[0, 26, 0, 0, 0, 0, 0, 0] 6656
[0, 27, 0, 0, 0, 0, 0, 0] 6912
[0, 28, 0, 0, 0, 0, 0, 0] 7168
[0, 29, 0, 0, 0, 0, 0, 0] 7424
[0, 30, 0, 0, 0, 0, 0, 0] 7680
[0, 31, 0, 0, 0, 0, 0, 0] 7936
[0, 32, 0, 0, 0, 0, 0, 0] 8192
[0, 33, 0, 0, 0, 0, 0, 0] 8448
[0, 34, 0, 0, 0, 0, 0, 0] 8704
[0, 35, 0, 0, 0, 0, 0, 0] 8960
[0, 36, 0, 0, 0, 0, 0, 0] 9216
[0, 37, 0, 0, 0, 0, 0, 0] 9472
[0, 38, 0, 0, 0, 0, 0, 0] 9728
[0, 39, 0, 0, 0, 0, 0, 0] 9984
[0, 40, 0, 0, 0, 0, 0, 0] 10240
[0, 41, 0, 0, 0, 0, 0, 0] 10496
[0, 42, 0, 0, 0, 0, 0, 0] 10752
[0, 43, 0, 0, 0, 0, 0, 0] 11008
[0, 44, 0, 0, 0, 0, 0, 0] 11264
[0, 45, 0, 0, 0, 0, 0, 0] 11520
[0, 46, 0, 0, 0, 0, 0, 0] 11776
[0, 47, 0, 0, 0, 0, 0, 0] 12032
[0, 48, 0, 0, 0, 0, 0, 0] 12288
[0, 49, 0, 0, 0, 0, 0, 0] 12544
[0, 50, 0, 0, 0, 0, 0, 0] 12800
[0, 51, 0, 0, 0, 0, 0, 0] 13056
[0, 52, 0, 0, 0, 0, 0, 0] 13312
[0, 53, 0, 0, 0, 0, 0, 0] 13568
[0, 54, 0, 0, 0, 0, 0, 0] 13824
[0, 55, 0, 0, 0, 0, 0, 0] 14080
[0, 56, 0, 0, 0, 0, 0, 0] 14336
[0, 57, 0, 0, 0, 0, 0, 0] 14592
[0, 58, 0, 0, 0, 0, 0, 0] 14848
[0, 59, 0, 0, 0, 0, 0, 0] 15104
[0, 60, 0, 0, 0, 0, 0, 0] 15360
[0, 61, 0, 0, 0, 0, 0, 0] 15616
[0, 62, 0, 0, 0, 0, 0, 0] 15872
[0, 63, 0, 0, 0, 0, 0, 0] 16128
[0, 64, 0, 0, 0, 0, 0, 0] 16384
[0, 65, 0, 0, 0, 0, 0, 0] 16640
[0, 66, 0, 0, 0, 0, 0, 0] 16896
[0, 67, 0, 0, 0, 0, 0, 0] 17152
[0, 68, 0, 0, 0, 0, 0, 0] 17408
[0, 69, 0, 0, 0, 0, 0, 0] 17664
[0, 70, 0, 0, 0, 0, 0, 0] 17920
[0, 71, 0, 0, 0, 0, 0, 0] 18176
[0, 72, 0, 0, 0, 0, 0, 0] 18432
[0, 73, 0, 0, 0, 0, 0, 0] 18688
[0, 74, 0, 0, 0, 0, 0, 0] 18944
[0, 75, 0, 0, 0, 0, 0, 0] 19200
[0, 76, 0, 0, 0, 0, 0, 0] 19456
[0, 77, 0, 0, 0, 0, 0, 0] 19712
[0, 78, 0, 0, 0, 0, 0, 0] 19968
[0, 79, 0, 0, 0, 0, 0, 0] 20224
[0, 80, 0, 0, 0, 0, 0, 0] 20480
[0, 81, 0, 0, 0, 0, 0, 0] 20736
[0, 82, 0, 0, 0, 0, 0, 0] 20992
[0, 83, 0, 0, 0, 0, 0, 0] 21248
[0, 84, 0, 0, 0, 0, 0, 0] 21504
[0, 85, 0, 0, 0, 0, 0, 0] 21760
[0, 86, 0, 0, 0, 0, 0, 0] 22016
[0, 87, 0, 0, 0, 0, 0, 0] 22272
[0, 88, 0, 0, 0, 0, 0, 0] 22528
[0, 89, 0, 0, 0, 0, 0, 0] 22784
[0, 90, 0, 0, 0, 0, 0, 0] 23040
[0, 91, 0, 0, 0, 0, 0, 0] 23296
[0, 92, 0, 0, 0, 0, 0, 0] 23552
[0, 93, 0, 0, 0, 0, 0, 0] 23808
[0, 94, 0, 0, 0, 0, 0, 0] 24064
[0, 95, 0, 0, 0, 0, 0, 0] 24320
[0, 96, 0, 0, 0, 0, 0, 0] 24576
[0, 97, 0, 0, 0, 0, 0, 0] 24832
[0, 98, 0, 0, 0, 0, 0, 0] 25088
[0, 99, 0, 0, 0, 0, 0, 0] 25344
[0, 100, 0, 0, 0, 0, 0, 0] 25600
[0, 101, 0, 0, 0, 0, 0, 0] 25856
[0, 102, 0, 0, 0, 0, 0, 0] 26112
[0, 103, 0, 0, 0, 0, 0, 0] 26368
[0, 104, 0, 0, 0, 0, 0, 0] 26624
[0, 105, 0, 0, 0, 0, 0, 0] 26880
[0, 106, 0, 0, 0, 0, 0, 0] 27136
[0, 107, 0, 0, 0, 0, 0, 0] 27392
[0, 108, 0, 0, 0, 0, 0, 0] 27648
[0, 109, 0, 0, 0, 0, 0, 0] 27904
[0, 110, 0, 0, 0, 0, 0, 0] 28160
[0, 111, 0, 0, 0, 0, 0, 0] 28416
[0, 112, 0, 0, 0, 0, 0, 0] 28672
[0, 113, 0, 0, 0, 0, 0, 0] 28928
[0, 114, 0, 0, 0, 0, 0, 0] 29184
[0, 115, 0, 0, 0, 0, 0, 0] 29440
[0, 116, 0, 0, 0, 0, 0, 0] 29696
[0, 117, 0, 0, 0, 0, 0, 0] 29952
[0, 118, 0, 0, 0, 0, 0, 0] 30208
[0, 119, 0, 0, 0, 0, 0, 0] 30464
[0, 120, 0, 0, 0, 0, 0, 0] 30720
[0, 121, 0, 0, 0, 0, 0, 0] 30976
[0, 122, 0, 0, 0, 0, 0, 0] 31232
[0, 123, 0, 0, 0, 0, 0, 0] 31488
[0, 124, 0, 0, 0, 0, 0, 0] 31744
[0, 125, 0, 0, 0, 0, 0, 0] 32000
[0, 126, 0, 0, 0, 0, 0, 0] 32256
[0, 127, 0, 0, 0, 0, 0, 0] 32512
[0, 128, 0, 0, 0, 0, 0, 0] 32768
[0, 129, 0, 0, 0, 0, 0, 0] 33024
[0, 130, 0, 0, 0, 0, 0, 0] 33280
[0, 131, 0, 0, 0, 0, 0, 0] 33536
[0, 132, 0, 0, 0, 0, 0, 0] 33792
[0, 133, 0, 0, 0, 0, 0, 0] 34048
[0, 134, 0, 0, 0, 0, 0, 0] 34304
[0, 135, 0, 0, 0, 0, 0, 0] 34560
[0, 136, 0, 0, 0, 0, 0, 0] 34816
[0, 137, 0, 0, 0, 0, 0, 0] 35072
[0, 138, 0, 0, 0, 0, 0, 0] 35328
[0, 139, 0, 0, 0, 0, 0, 0] 35584
[0, 140, 0, 0, 0, 0, 0, 0] 35840
[0, 141, 0, 0, 0, 0, 0, 0] 36096
[0, 142, 0, 0, 0, 0, 0, 0] 36352
[0, 143, 0, 0, 0, 0, 0, 0] 36608
[0, 144, 0, 0, 0, 0, 0, 0] 36864
[0, 145, 0, 0, 0, 0, 0, 0] 37120
[0, 146, 0, 0, 0, 0, 0, 0] 37376
[0, 147, 0, 0, 0, 0, 0, 0] 37632
[0, 148, 0, 0, 0, 0, 0, 0] 37888
[0, 149, 0, 0, 0, 0, 0, 0] 38144
[0, 150, 0, 0, 0, 0, 0, 0] 38400
[0, 151, 0, 0, 0, 0, 0, 0] 38656
[0, 152, 0, 0, 0, 0, 0, 0] 38912
[0, 153, 0, 0, 0, 0, 0, 0] 39168
[0, 154, 0, 0, 0, 0, 0, 0] 39424
[0, 155, 0, 0, 0, 0, 0, 0] 39680
[0, 156, 0, 0, 0, 0, 0, 0] 39936
[0, 157, 0, 0, 0, 0, 0, 0] 40192
[0, 158, 0, 0, 0, 0, 0, 0] 40448
[0, 159, 0, 0, 0, 0, 0, 0] 40704
[0, 160, 0, 0, 0, 0, 0, 0] 40960
[0, 161, 0, 0, 0, 0, 0, 0] 41216
[0, 162, 0, 0, 0, 0, 0, 0] 41472
[0, 163, 0, 0, 0, 0, 0, 0] 41728
[0, 164, 0, 0, 0, 0, 0, 0] 41984
[0, 165, 0, 0, 0, 0, 0, 0] 42240
[0, 166, 0, 0, 0, 0, 0, 0] 42496
[0, 167, 0, 0, 0, 0, 0, 0] 42752
[0, 168, 0, 0, 0, 0, 0, 0] 43008
[0, 169, 0, 0, 0, 0, 0, 0] 43264
[0, 170, 0, 0, 0, 0, 0, 0] 43520
[0, 171, 0, 0, 0, 0, 0, 0] 43776
[0, 172, 0, 0, 0, 0, 0, 0] 44032
[0, 173, 0, 0, 0, 0, 0, 0] 44288
[0, 174, 0, 0, 0, 0, 0, 0] 44544
[0, 175, 0, 0, 0, 0, 0, 0] 44800
[0, 176, 0, 0, 0, 0, 0, 0] 45056
[0, 177, 0, 0, 0, 0, 0, 0] 45312
[0, 178, 0, 0, 0, 0, 0, 0] 45568
[0, 179, 0, 0, 0, 0, 0, 0] 45824
[0, 180, 0, 0, 0, 0, 0, 0] 46080
[0, 181, 0, 0, 0, 0, 0, 0] 46336
[0, 182, 0, 0, 0, 0, 0, 0] 46592
[0, 183, 0, 0, 0, 0, 0, 0] 46848
[0, 184, 0, 0, 0, 0, 0, 0] 47104
[0, 185, 0, 0, 0, 0, 0, 0] 47360
[0, 186, 0, 0, 0, 0, 0, 0] 47616
[0, 187, 0, 0, 0, 0, 0, 0] 47872
[0, 188, 0, 0, 0, 0, 0, 0] 48128
[0, 189, 0, 0, 0, 0, 0, 0] 48384
[0, 190, 0, 0, 0, 0, 0, 0] 48640
[0, 191, 0, 0, 0, 0, 0, 0] 48896
[0, 192, 0, 0, 0, 0, 0, 0] 49152
[0, 193, 0, 0, 0, 0, 0, 0] 49408
[0, 194, 0, 0, 0, 0, 0, 0] 49664
[0, 195, 0, 0, 0, 0, 0, 0] 49920
[0, 196, 0, 0, 0, 0, 0, 0] 50176
[0, 197, 0, 0, 0, 0, 0, 0] 50432
[0, 198, 0, 0, 0, 0, 0, 0] 50688
[0, 199, 0, 0, 0, 0, 0, 0] 50944
[0, 200, 0, 0, 0, 0, 0, 0] 51200
[0, 201, 0, 0, 0, 0, 0, 0] 51456
[0, 202, 0, 0, 0, 0, 0, 0] 51712
[0, 203, 0, 0, 0, 0, 0, 0] 51968
[0, 204, 0, 0, 0, 0, 0, 0] 52224
[0, 205, 0, 0, 0, 0, 0, 0] 52480
[0, 206, 0, 0, 0, 0, 0, 0] 52736
[0, 207, 0, 0, 0, 0, 0, 0] 52992
[0, 208, 0, 0, 0, 0, 0, 0] 53248
[0, 209, 0, 0, 0, 0, 0, 0] 53504
[0, 210, 0, 0, 0, 0, 0, 0] 53760
[0, 211, 0, 0, 0, 0, 0, 0] 54016
[0, 212, 0, 0, 0, 0, 0, 0] 54272
[0, 213, 0, 0, 0, 0, 0, 0] 54528
[0, 214, 0, 0, 0, 0, 0, 0] 54784
[0, 215, 0, 0, 0, 0, 0, 0] 55040
[0, 216, 0, 0, 0, 0, 0, 0] 55296
[0, 217, 0, 0, 0, 0, 0, 0] 55552
[0, 218, 0, 0, 0, 0, 0, 0] 55808
[0, 219, 0, 0, 0, 0, 0, 0] 56064
[0, 220, 0, 0, 0, 0, 0, 0] 56320
[0, 221, 0, 0, 0, 0, 0, 0] 56576
[0, 222, 0, 0, 0, 0, 0, 0] 56832
[0, 223, 0, 0, 0, 0, 0, 0] 57088
[0, 224, 0, 0, 0, 0, 0, 0] 57344
[0, 225, 0, 0, 0, 0, 0, 0] 57600
[0, 226, 0, 0, 0, 0, 0, 0] 57856
[0, 227, 0, 0, 0, 0, 0, 0] 58112
[0, 228, 0, 0, 0, 0, 0, 0] 58368
[0, 229, 0, 0, 0, 0, 0, 0] 58624
[0, 230, 0, 0, 0, 0, 0, 0] 58880
[0, 231, 0, 0, 0, 0, 0, 0] 59136
[0, 232, 0, 0, 0, 0, 0, 0] 59392
[0, 233, 0, 0, 0, 0, 0, 0] 59648
[0, 234, 0, 0, 0, 0, 0, 0] 59904
[0, 235, 0, 0, 0, 0, 0, 0] 60160
[0, 236, 0, 0, 0, 0, 0, 0] 60416
[0, 237, 0, 0, 0, 0, 0, 0] 60672
[0, 238, 0, 0, 0, 0, 0, 0] 60928
[0, 239, 0, 0, 0, 0, 0, 0] 61184
[0, 240, 0, 0, 0, 0, 0, 0] 61440
[0, 241, 0, 0, 0, 0, 0, 0] 61696
[0, 242, 0, 0, 0, 0, 0, 0] 61952
[0, 243, 0, 0, 0, 0, 0, 0] 62208
[0, 244, 0, 0, 0, 0, 0, 0] 62464
[0, 245, 0, 0, 0, 0, 0, 0] 62720
[0, 246, 0, 0, 0, 0, 0, 0] 62976
[0, 247, 0, 0, 0, 0, 0, 0] 63232
[0, 248, 0, 0, 0, 0, 0, 0] 63488
[0, 249, 0, 0, 0, 0, 0, 0] 63744
[0, 250, 0, 0, 0, 0, 0, 0] 64000
[0, 251, 0, 0, 0, 0, 0, 0] 64256
[0, 252, 0, 0, 0, 0, 0, 0] 64512
[0, 253, 0, 0, 0, 0, 0, 0] 64768
[0, 254, 0, 0, 0, 0, 0, 0] 65024
[0, 255, 0, 0, 0, 0, 0, 0] 65280
[0, 0, 0, 0, 0, 0, 0, 0] 0
[0, 0, 1, 0, 0, 0, 0, 0] 65536
[0, 0, 2, 0, 0, 0, 0, 0] 131072
[0, 0, 3, 0, 0, 0, 0, 0] 196608
[0, 0, 4, 0, 0, 0, 0, 0] 262144
[0, 0, 5, 0, 0, 0, 0, 0] 327680
[0, 0, 6, 0, 0, 0, 0, 0] 393216
[0, 0, 7, 0, 0, 0, 0, 0] 458752
[0, 0, 8, 0, 0, 0, 0, 0] 524288
[0, 0, 9, 0, 0, 0, 0, 0] 589824
[0, 0, 10, 0, 0, 0, 0, 0] 655360
[0, 0, 11, 0, 0, 0, 0, 0] 720896
[0, 0, 12, 0, 0, 0, 0, 0] 786432
[0, 0, 13, 0, 0, 0, 0, 0] 851968
[0, 0, 14, 0, 0, 0, 0, 0] 917504
[0, 0, 15, 0, 0, 0, 0, 0] 983040
[0, 0, 16, 0, 0, 0, 0, 0] 1048576
[0, 0, 17, 0, 0, 0, 0, 0] 1114112
[0, 0, 18, 0, 0, 0, 0, 0] 1179648
[0, 0, 19, 0, 0, 0, 0, 0] 1245184
[0, 0, 20, 0, 0, 0, 0, 0] 1310720
[0, 0, 21, 0, 0, 0, 0, 0] 1376256
[0, 0, 22, 0, 0, 0, 0, 0] 1441792
[0, 0, 23, 0, 0, 0, 0, 0] 1507328
[0, 0, 24, 0, 0, 0, 0, 0] 1572864
[0, 0, 25, 0, 0, 0, 0, 0] 1638400
[0, 0, 26, 0, 0, 0, 0, 0] 1703936
[0, 0, 27, 0, 0, 0, 0, 0] 1769472
[0, 0, 28, 0, 0, 0, 0, 0] 1835008
[0, 0, 29, 0, 0, 0, 0, 0] 1900544
[0, 0, 30, 0, 0, 0, 0, 0] 1966080
[0, 0, 31, 0, 0, 0, 0, 0] 2031616
[0, 0, 32, 0, 0, 0, 0, 0] 2097152
[0, 0, 33, 0, 0, 0, 0, 0] 2162688
[0, 0, 34, 0, 0, 0, 0, 0] 2228224
[0, 0, 35, 0, 0, 0, 0, 0] 2293760
[0, 0, 36, 0, 0, 0, 0, 0] 2359296
[0, 0, 37, 0, 0, 0, 0, 0] 2424832
[0, 0, 38, 0, 0, 0, 0, 0] 2490368
[0, 0, 39, 0, 0, 0, 0, 0] 2555904
[0, 0, 40, 0, 0, 0, 0, 0] 2621440
[0, 0, 41, 0, 0, 0, 0, 0] 2686976
[0, 0, 42, 0, 0, 0, 0, 0] 2752512
[0, 0, 43, 0, 0, 0, 0, 0] 2818048
[0, 0, 44, 0, 0, 0, 0, 0] 2883584
[0, 0, 45, 0, 0, 0, 0, 0] 2949120
[0, 0, 46, 0, 0, 0, 0, 0] 3014656
[0, 0, 47, 0, 0, 0, 0, 0] 3080192
[0, 0, 48, 0, 0, 0, 0, 0] 3145728
[0, 0, 49, 0, 0, 0, 0, 0] 3211264
[0, 0, 50, 0, 0, 0, 0, 0] 3276800
[0, 0, 51, 0, 0, 0, 0, 0] 3342336
[0, 0, 52, 0, 0, 0, 0, 0] 3407872
[0, 0, 53, 0, 0, 0, 0, 0] 3473408
[0, 0, 54, 0, 0, 0, 0, 0] 3538944
[0, 0, 55, 0, 0, 0, 0, 0] 3604480
[0, 0, 56, 0, 0, 0, 0, 0] 3670016
[0, 0, 57, 0, 0, 0, 0, 0] 3735552
[0, 0, 58, 0, 0, 0, 0, 0] 3801088
[0, 0, 59, 0, 0, 0, 0, 0] 3866624
[0, 0, 60, 0, 0, 0, 0, 0] 3932160
[0, 0, 61, 0, 0, 0, 0, 0] 3997696
[0, 0, 62, 0, 0, 0, 0, 0] 4063232
[0, 0, 63, 0, 0, 0, 0, 0] 4128768
[0, 0, 64, 0, 0, 0, 0, 0] 4194304
[0, 0, 65, 0, 0, 0, 0, 0] 4259840
[0, 0, 66, 0, 0, 0, 0, 0] 4325376
[0, 0, 67, 0, 0, 0, 0, 0] 4390912
[0, 0, 68, 0, 0, 0, 0, 0] 4456448
[0, 0, 69, 0, 0, 0, 0, 0] 4521984
[0, 0, 70, 0, 0, 0, 0, 0] 4587520
[0, 0, 71, 0, 0, 0, 0, 0] 4653056
[0, 0, 72, 0, 0, 0, 0, 0] 4718592
[0, 0, 73, 0, 0, 0, 0, 0] 4784128
[0, 0, 74, 0, 0, 0, 0, 0] 4849664
[0, 0, 75, 0, 0, 0, 0, 0] 4915200
[0, 0, 76, 0, 0, 0, 0, 0] 4980736
[0, 0, 77, 0, 0, 0, 0, 0] 5046272
[0, 0, 78, 0, 0, 0, 0, 0] 5111808
[0, 0, 79, 0, 0, 0, 0, 0] 5177344
[0, 0, 80, 0, 0, 0, 0, 0] 5242880
[0, 0, 81, 0, 0, 0, 0, 0] 5308416
[0, 0, 82, 0, 0, 0, 0, 0] 5373952
[0, 0, 83, 0, 0, 0, 0, 0] 5439488
[0, 0, 84, 0, 0, 0, 0, 0] 5505024
[0, 0, 85, 0, 0, 0, 0, 0] 5570560
[0, 0, 86, 0, 0, 0, 0, 0] 5636096
[0, 0, 87, 0, 0, 0, 0, 0] 5701632
[0, 0, 88, 0, 0, 0, 0, 0] 5767168
[0, 0, 89, 0, 0, 0, 0, 0] 5832704
[0, 0, 90, 0, 0, 0, 0, 0] 5898240
[0, 0, 91, 0, 0, 0, 0, 0] 5963776
[0, 0, 92, 0, 0, 0, 0, 0] 6029312
[0, 0, 93, 0, 0, 0, 0, 0] 6094848
[0, 0, 94, 0, 0, 0, 0, 0] 6160384
[0, 0, 95, 0, 0, 0, 0, 0] 6225920
[0, 0, 96, 0, 0, 0, 0, 0] 6291456
[0, 0, 97, 0, 0, 0, 0, 0] 6356992
[0, 0, 98, 0, 0, 0, 0, 0] 6422528
[0, 0, 99, 0, 0, 0, 0, 0] 6488064
[0, 0, 100, 0, 0, 0, 0, 0] 6553600
[0, 0, 101, 0, 0, 0, 0, 0] 6619136
[0, 0, 102, 0, 0, 0, 0, 0] 6684672
[0, 0, 103, 0, 0, 0, 0, 0] 6750208
[0, 0, 104, 0, 0, 0, 0, 0] 6815744
[0, 0, 105, 0, 0, 0, 0, 0] 6881280
[0, 0, 106, 0, 0, 0, 0, 0] 6946816
[0, 0, 107, 0, 0, 0, 0, 0] 7012352
[0, 0, 108, 0, 0, 0, 0, 0] 7077888
[0, 0, 109, 0, 0, 0, 0, 0] 7143424
[0, 0, 110, 0, 0, 0, 0, 0] 7208960
[0, 0, 111, 0, 0, 0, 0, 0] 7274496
[0, 0, 112, 0, 0, 0, 0, 0] 7340032
[0, 0, 113, 0, 0, 0, 0, 0] 7405568
[0, 0, 114, 0, 0, 0, 0, 0] 7471104
[0, 0, 115, 0, 0, 0, 0, 0] 7536640
[0, 0, 116, 0, 0, 0, 0, 0] 7602176
[0, 0, 117, 0, 0, 0, 0, 0] 7667712
[0, 0, 118, 0, 0, 0, 0, 0] 7733248
[0, 0, 119, 0, 0, 0, 0, 0] 7798784
[0, 0, 120, 0, 0, 0, 0, 0] 7864320
[0, 0, 121, 0, 0, 0, 0, 0] 7929856
[0, 0, 122, 0, 0, 0, 0, 0] 7995392
[0, 0, 123, 0, 0, 0, 0, 0] 8060928
[0, 0, 124, 0, 0, 0, 0, 0] 8126464
[0, 0, 125, 0, 0, 0, 0, 0] 8192000
[0, 0, 126, 0, 0, 0, 0, 0] 8257536
[0, 0, 127, 0, 0, 0, 0, 0] 8323072
[0, 0, 128, 0, 0, 0, 0, 0] 8388608
[0, 0, 129, 0, 0, 0, 0, 0] 8454144
[0, 0, 130, 0, 0, 0, 0, 0] 8519680
[0, 0, 131, 0, 0, 0, 0, 0] 8585216
[0, 0, 132, 0, 0, 0, 0, 0] 8650752
[0, 0, 133, 0, 0, 0, 0, 0] 8716288
[0, 0, 134, 0, 0, 0, 0, 0] 8781824
[0, 0, 135, 0, 0, 0, 0, 0] 8847360
[0, 0, 136, 0, 0, 0, 0, 0] 8912896
[0, 0, 137, 0, 0, 0, 0, 0] 8978432
[0, 0, 138, 0, 0, 0, 0, 0] 9043968
[0, 0, 139, 0, 0, 0, 0, 0] 9109504
[0, 0, 140, 0, 0, 0, 0, 0] 9175040
[0, 0, 141, 0, 0, 0, 0, 0] 9240576
[0, 0, 142, 0, 0, 0, 0, 0] 9306112
[0, 0, 143, 0, 0, 0, 0, 0] 9371648
[0, 0, 144, 0, 0, 0, 0, 0] 9437184
[0, 0, 145, 0, 0, 0, 0, 0] 9502720
[0, 0, 146, 0, 0, 0, 0, 0] 9568256
[0, 0, 147, 0, 0, 0, 0, 0] 9633792
[0, 0, 148, 0, 0, 0, 0, 0] 9699328
[0, 0, 149, 0, 0, 0, 0, 0] 9764864
[0, 0, 150, 0, 0, 0, 0, 0] 9830400
[0, 0, 151, 0, 0, 0, 0, 0] 9895936
[0, 0, 152, 0, 0, 0, 0, 0] 9961472
[0, 0, 153, 0, 0, 0, 0, 0] 10027008
[0, 0, 154, 0, 0, 0, 0, 0] 10092544
[0, 0, 155, 0, 0, 0, 0, 0] 10158080
[0, 0, 156, 0, 0, 0, 0, 0] 10223616
[0, 0, 157, 0, 0, 0, 0, 0] 10289152
[0, 0, 158, 0, 0, 0, 0, 0] 10354688
[0, 0, 159, 0, 0, 0, 0, 0] 10420224
[0, 0, 160, 0, 0, 0, 0, 0] 10485760
[0, 0, 161, 0, 0, 0, 0, 0] 10551296
[0, 0, 162, 0, 0, 0, 0, 0] 10616832
[0, 0, 163, 0, 0, 0, 0, 0] 10682368
[0, 0, 164, 0, 0, 0, 0, 0] 10747904
[0, 0, 165, 0, 0, 0, 0, 0] 10813440
[0, 0, 166, 0, 0, 0, 0, 0] 10878976
[0, 0, 167, 0, 0, 0, 0, 0] 10944512
[0, 0, 168, 0, 0, 0, 0, 0] 11010048
[0, 0, 169, 0, 0, 0, 0, 0] 11075584
[0, 0, 170, 0, 0, 0, 0, 0] 11141120
[0, 0, 171, 0, 0, 0, 0, 0] 11206656
[0, 0, 172, 0, 0, 0, 0, 0] 11272192
[0, 0, 173, 0, 0, 0, 0, 0] 11337728
[0, 0, 174, 0, 0, 0, 0, 0] 11403264
[0, 0, 175, 0, 0, 0, 0, 0] 11468800
[0, 0, 176, 0, 0, 0, 0, 0] 11534336
[0, 0, 177, 0, 0, 0, 0, 0] 11599872
[0, 0, 178, 0, 0, 0, 0, 0] 11665408
[0, 0, 179, 0, 0, 0, 0, 0] 11730944
[0, 0, 180, 0, 0, 0, 0, 0] 11796480
[0, 0, 181, 0, 0, 0, 0, 0] 11862016
[0, 0, 182, 0, 0, 0, 0, 0] 11927552
[0, 0, 183, 0, 0, 0, 0, 0] 11993088
[0, 0, 184, 0, 0, 0, 0, 0] 12058624
[0, 0, 185, 0, 0, 0, 0, 0] 12124160
[0, 0, 186, 0, 0, 0, 0, 0] 12189696
[0, 0, 187, 0, 0, 0, 0, 0] 12255232
[0, 0, 188, 0, 0, 0, 0, 0] 12320768
[0, 0, 189, 0, 0, 0, 0, 0] 12386304
[0, 0, 190, 0, 0, 0, 0, 0] 12451840
[0, 0, 191, 0, 0, 0, 0, 0] 12517376
[0, 0, 192, 0, 0, 0, 0, 0] 12582912
[0, 0, 193, 0, 0, 0, 0, 0] 12648448
[0, 0, 194, 0, 0, 0, 0, 0] 12713984
[0, 0, 195, 0, 0, 0, 0, 0] 12779520
[0, 0, 196, 0, 0, 0, 0, 0] 12845056
[0, 0, 197, 0, 0, 0, 0, 0] 12910592
[0, 0, 198, 0, 0, 0, 0, 0] 12976128
[0, 0, 199, 0, 0, 0, 0, 0] 13041664
[0, 0, 200, 0, 0, 0, 0, 0] 13107200
[0, 0, 201, 0, 0, 0, 0, 0] 13172736
[0, 0, 202, 0, 0, 0, 0, 0] 13238272
[0, 0, 203, 0, 0, 0, 0, 0] 13303808
[0, 0, 204, 0, 0, 0, 0, 0] 13369344
[0, 0, 205, 0, 0, 0, 0, 0] 13434880
[0, 0, 206, 0, 0, 0, 0, 0] 13500416
[0, 0, 207, 0, 0, 0, 0, 0] 13565952
[0, 0, 208, 0, 0, 0, 0, 0] 13631488
[0, 0, 209, 0, 0, 0, 0, 0] 13697024
[0, 0, 210, 0, 0, 0, 0, 0] 13762560
[0, 0, 211, 0, 0, 0, 0, 0] 13828096
[0, 0, 212, 0, 0, 0, 0, 0] 13893632
[0, 0, 213, 0, 0, 0, 0, 0] 13959168
[0, 0, 214, 0, 0, 0, 0, 0] 14024704
[0, 0, 215, 0, 0, 0, 0, 0] 14090240
[0, 0, 216, 0, 0, 0, 0, 0] 14155776
[0, 0, 217, 0, 0, 0, 0, 0] 14221312
[0, 0, 218, 0, 0, 0, 0, 0] 14286848
[0, 0, 219, 0, 0, 0, 0, 0] 14352384
[0, 0, 220, 0, 0, 0, 0, 0] 14417920
[0, 0, 221, 0, 0, 0, 0, 0] 14483456
[0, 0, 222, 0, 0, 0, 0, 0] 14548992
[0, 0, 223, 0, 0, 0, 0, 0] 14614528
[0, 0, 224, 0, 0, 0, 0, 0] 14680064
[0, 0, 225, 0, 0, 0, 0, 0] 14745600
[0, 0, 226, 0, 0, 0, 0, 0] 14811136
[0, 0, 227, 0, 0, 0, 0, 0] 14876672
[0, 0, 228, 0, 0, 0, 0, 0] 14942208
[0, 0, 229, 0, 0, 0, 0, 0] 15007744
[0, 0, 230, 0, 0, 0, 0, 0] 15073280
[0, 0, 231, 0, 0, 0, 0, 0] 15138816
[0, 0, 232, 0, 0, 0, 0, 0] 15204352
[0, 0, 233, 0, 0, 0, 0, 0] 15269888
[0, 0, 234, 0, 0, 0, 0, 0] 15335424
[0, 0, 235, 0, 0, 0, 0, 0] 15400960
[0, 0, 236, 0, 0, 0, 0, 0] 15466496
[0, 0, 237, 0, 0, 0, 0, 0] 15532032
[0, 0, 238, 0, 0, 0, 0, 0] 15597568
[0, 0, 239, 0, 0, 0, 0, 0] 15663104
[0, 0, 240, 0, 0, 0, 0, 0] 15728640
[0, 0, 241, 0, 0, 0, 0, 0] 15794176
[0, 0, 242, 0, 0, 0, 0, 0] 15859712
[0, 0, 243, 0, 0, 0, 0, 0] 15925248
[0, 0, 244, 0, 0, 0, 0, 0] 15990784
[0, 0, 245, 0, 0, 0, 0, 0] 16056320
[0, 0, 246, 0, 0, 0, 0, 0] 16121856
[0, 0, 247, 0, 0, 0, 0, 0] 16187392
[0, 0, 248, 0, 0, 0, 0, 0] 16252928
[0, 0, 249, 0, 0, 0, 0, 0] 16318464
[0, 0, 250, 0, 0, 0, 0, 0] 16384000
[0, 0, 251, 0, 0, 0, 0, 0] 16449536
[0, 0, 252, 0, 0, 0, 0, 0] 16515072
[0, 0, 253, 0, 0, 0, 0, 0] 16580608
[0, 0, 254, 0, 0, 0, 0, 0] 16646144
[0, 0, 255, 0, 0, 0, 0, 0] 16711680
[0, 0, 0, 0, 0, 0, 0, 0] 0
[0, 0, 0, 1, 0, 0, 0, 0] 16777216
[0, 0, 0, 2, 0, 0, 0, 0] 33554432
[0, 0, 0, 3, 0, 0, 0, 0] 50331648
[0, 0, 0, 4, 0, 0, 0, 0] 67108864
[0, 0, 0, 5, 0, 0, 0, 0] 83886080
[0, 0, 0, 6, 0, 0, 0, 0] 100663296
[0, 0, 0, 7, 0, 0, 0, 0] 117440512
[0, 0, 0, 8, 0, 0, 0, 0] 134217728
[0, 0, 0, 9, 0, 0, 0, 0] 150994944
[0, 0, 0, 10, 0, 0, 0, 0] 167772160
[0, 0, 0, 11, 0, 0, 0, 0] 184549376
[0, 0, 0, 12, 0, 0, 0, 0] 201326592
[0, 0, 0, 13, 0, 0, 0, 0] 218103808
[0, 0, 0, 14, 0, 0, 0, 0] 234881024
[0, 0, 0, 15, 0, 0, 0, 0] 251658240
[0, 0, 0, 16, 0, 0, 0, 0] 268435456
[0, 0, 0, 17, 0, 0, 0, 0] 285212672
[0, 0, 0, 18, 0, 0, 0, 0] 301989888
[0, 0, 0, 19, 0, 0, 0, 0] 318767104
[0, 0, 0, 20, 0, 0, 0, 0] 335544320
[0, 0, 0, 21, 0, 0, 0, 0] 352321536
[0, 0, 0, 22, 0, 0, 0, 0] 369098752
[0, 0, 0, 23, 0, 0, 0, 0] 385875968
[0, 0, 0, 24, 0, 0, 0, 0] 402653184
[0, 0, 0, 25, 0, 0, 0, 0] 419430400
[0, 0, 0, 26, 0, 0, 0, 0] 436207616
[0, 0, 0, 27, 0, 0, 0, 0] 452984832
[0, 0, 0, 28, 0, 0, 0, 0] 469762048
[0, 0, 0, 29, 0, 0, 0, 0] 486539264
[0, 0, 0, 30, 0, 0, 0, 0] 503316480
[0, 0, 0, 31, 0, 0, 0, 0] 520093696
[0, 0, 0, 32, 0, 0, 0, 0] 536870912
[0, 0, 0, 33, 0, 0, 0, 0] 553648128
[0, 0, 0, 34, 0, 0, 0, 0] 570425344
[0, 0, 0, 35, 0, 0, 0, 0] 587202560
[0, 0, 0, 36, 0, 0, 0, 0] 603979776
[0, 0, 0, 37, 0, 0, 0, 0] 620756992
[0, 0, 0, 38, 0, 0, 0, 0] 637534208
[0, 0, 0, 39, 0, 0, 0, 0] 654311424
[0, 0, 0, 40, 0, 0, 0, 0] 671088640
[0, 0, 0, 41, 0, 0, 0, 0] 687865856
[0, 0, 0, 42, 0, 0, 0, 0] 704643072
[0, 0, 0, 43, 0, 0, 0, 0] 721420288
[0, 0, 0, 44, 0, 0, 0, 0] 738197504
[0, 0, 0, 45, 0, 0, 0, 0] 754974720
[0, 0, 0, 46, 0, 0, 0, 0] 771751936
[0, 0, 0, 47, 0, 0, 0, 0] 788529152
[0, 0, 0, 48, 0, 0, 0, 0] 805306368
[0, 0, 0, 49, 0, 0, 0, 0] 822083584
[0, 0, 0, 50, 0, 0, 0, 0] 838860800
[0, 0, 0, 51, 0, 0, 0, 0] 855638016
[0, 0, 0, 52, 0, 0, 0, 0] 872415232
[0, 0, 0, 53, 0, 0, 0, 0] 889192448
[0, 0, 0, 54, 0, 0, 0, 0] 905969664
[0, 0, 0, 55, 0, 0, 0, 0] 922746880
[0, 0, 0, 56, 0, 0, 0, 0] 939524096
[0, 0, 0, 57, 0, 0, 0, 0] 956301312
[0, 0, 0, 58, 0, 0, 0, 0] 973078528
[0, 0, 0, 59, 0, 0, 0, 0] 989855744
[0, 0, 0, 60, 0, 0, 0, 0] 1006632960
[0, 0, 0, 61, 0, 0, 0, 0] 1023410176
[0, 0, 0, 62, 0, 0, 0, 0] 1040187392
[0, 0, 0, 63, 0, 0, 0, 0] 1056964608
[0, 0, 0, 64, 0, 0, 0, 0] 1073741824
[0, 0, 0, 65, 0, 0, 0, 0] 1090519040
[0, 0, 0, 66, 0, 0, 0, 0] 1107296256
[0, 0, 0, 67, 0, 0, 0, 0] 1124073472
[0, 0, 0, 68, 0, 0, 0, 0] 1140850688
[0, 0, 0, 69, 0, 0, 0, 0] 1157627904
[0, 0, 0, 70, 0, 0, 0, 0] 1174405120
[0, 0, 0, 71, 0, 0, 0, 0] 1191182336
[0, 0, 0, 72, 0, 0, 0, 0] 1207959552
[0, 0, 0, 73, 0, 0, 0, 0] 1224736768
[0, 0, 0, 74, 0, 0, 0, 0] 1241513984
[0, 0, 0, 75, 0, 0, 0, 0] 1258291200
[0, 0, 0, 76, 0, 0, 0, 0] 1275068416
[0, 0, 0, 77, 0, 0, 0, 0] 1291845632
[0, 0, 0, 78, 0, 0, 0, 0] 1308622848
[0, 0, 0, 79, 0, 0, 0, 0] 1325400064
[0, 0, 0, 80, 0, 0, 0, 0] 1342177280
[0, 0, 0, 81, 0, 0, 0, 0] 1358954496
[0, 0, 0, 82, 0, 0, 0, 0] 1375731712
[0, 0, 0, 83, 0, 0, 0, 0] 1392508928
[0, 0, 0, 84, 0, 0, 0, 0] 1409286144
[0, 0, 0, 85, 0, 0, 0, 0] 1426063360
[0, 0, 0, 86, 0, 0, 0, 0] 1442840576
[0, 0, 0, 87, 0, 0, 0, 0] 1459617792
[0, 0, 0, 88, 0, 0, 0, 0] 1476395008
[0, 0, 0, 89, 0, 0, 0, 0] 1493172224
[0, 0, 0, 90, 0, 0, 0, 0] 1509949440
[0, 0, 0, 91, 0, 0, 0, 0] 1526726656
[0, 0, 0, 92, 0, 0, 0, 0] 1543503872
[0, 0, 0, 93, 0, 0, 0, 0] 1560281088
[0, 0, 0, 94, 0, 0, 0, 0] 1577058304
[0, 0, 0, 95, 0, 0, 0, 0] 1593835520
[0, 0, 0, 96, 0, 0, 0, 0] 1610612736
[0, 0, 0, 97, 0, 0, 0, 0] 1627389952
[0, 0, 0, 98, 0, 0, 0, 0] 1644167168
[0, 0, 0, 99, 0, 0, 0, 0] 1660944384
[0, 0, 0, 100, 0, 0, 0, 0] 1677721600
[0, 0, 0, 101, 0, 0, 0, 0] 1694498816
[0, 0, 0, 102, 0, 0, 0, 0] 1711276032
[0, 0, 0, 103, 0, 0, 0, 0] 1728053248
[0, 0, 0, 104, 0, 0, 0, 0] 1744830464
[0, 0, 0, 105, 0, 0, 0, 0] 1761607680
[0, 0, 0, 106, 0, 0, 0, 0] 1778384896
[0, 0, 0, 107, 0, 0, 0, 0] 1795162112
[0, 0, 0, 108, 0, 0, 0, 0] 1811939328
[0, 0, 0, 109, 0, 0, 0, 0] 1828716544
[0, 0, 0, 110, 0, 0, 0, 0] 1845493760
[0, 0, 0, 111, 0, 0, 0, 0] 1862270976
[0, 0, 0, 112, 0, 0, 0, 0] 1879048192
[0, 0, 0, 113, 0, 0, 0, 0] 1895825408
[0, 0, 0, 114, 0, 0, 0, 0] 1912602624
[0, 0, 0, 115, 0, 0, 0, 0] 1929379840
[0, 0, 0, 116, 0, 0, 0, 0] 1946157056
[0, 0, 0, 117, 0, 0, 0, 0] 1962934272
[0, 0, 0, 118, 0, 0, 0, 0] 1979711488
[0, 0, 0, 119, 0, 0, 0, 0] 1996488704
[0, 0, 0, 120, 0, 0, 0, 0] 2013265920
[0, 0, 0, 121, 0, 0, 0, 0] 2030043136
[0, 0, 0, 122, 0, 0, 0, 0] 2046820352
[0, 0, 0, 123, 0, 0, 0, 0] 2063597568
[0, 0, 0, 124, 0, 0, 0, 0] 2080374784
[0, 0, 0, 125, 0, 0, 0, 0] 2097152000
[0, 0, 0, 126, 0, 0, 0, 0] 2113929216
[0, 0, 0, 127, 0, 0, 0, 0] 2130706432
[0, 0, 0, 128, 0, 0, 0, 0] 2147483648
[0, 0, 0, 129, 0, 0, 0, 0] 2164260864
[0, 0, 0, 130, 0, 0, 0, 0] 2181038080
[0, 0, 0, 131, 0, 0, 0, 0] 2197815296
[0, 0, 0, 132, 0, 0, 0, 0] 2214592512
[0, 0, 0, 133, 0, 0, 0, 0] 2231369728
[0, 0, 0, 134, 0, 0, 0, 0] 2248146944
[0, 0, 0, 135, 0, 0, 0, 0] 2264924160
[0, 0, 0, 136, 0, 0, 0, 0] 2281701376
[0, 0, 0, 137, 0, 0, 0, 0] 2298478592
[0, 0, 0, 138, 0, 0, 0, 0] 2315255808
[0, 0, 0, 139, 0, 0, 0, 0] 2332033024
[0, 0, 0, 140, 0, 0, 0, 0] 2348810240
[0, 0, 0, 141, 0, 0, 0, 0] 2365587456
[0, 0, 0, 142, 0, 0, 0, 0] 2382364672
[0, 0, 0, 143, 0, 0, 0, 0] 2399141888
[0, 0, 0, 144, 0, 0, 0, 0] 2415919104
[0, 0, 0, 145, 0, 0, 0, 0] 2432696320
[0, 0, 0, 146, 0, 0, 0, 0] 2449473536
[0, 0, 0, 147, 0, 0, 0, 0] 2466250752
[0, 0, 0, 148, 0, 0, 0, 0] 2483027968
[0, 0, 0, 149, 0, 0, 0, 0] 2499805184
[0, 0, 0, 150, 0, 0, 0, 0] 2516582400
[0, 0, 0, 151, 0, 0, 0, 0] 2533359616
[0, 0, 0, 152, 0, 0, 0, 0] 2550136832
[0, 0, 0, 153, 0, 0, 0, 0] 2566914048
[0, 0, 0, 154, 0, 0, 0, 0] 2583691264
[0, 0, 0, 155, 0, 0, 0, 0] 2600468480
[0, 0, 0, 156, 0, 0, 0, 0] 2617245696
[0, 0, 0, 157, 0, 0, 0, 0] 2634022912
[0, 0, 0, 158, 0, 0, 0, 0] 2650800128
[0, 0, 0, 159, 0, 0, 0, 0] 2667577344
[0, 0, 0, 160, 0, 0, 0, 0] 2684354560
[0, 0, 0, 161, 0, 0, 0, 0] 2701131776
[0, 0, 0, 162, 0, 0, 0, 0] 2717908992
[0, 0, 0, 163, 0, 0, 0, 0] 2734686208
[0, 0, 0, 164, 0, 0, 0, 0] 2751463424
[0, 0, 0, 165, 0, 0, 0, 0] 2768240640
[0, 0, 0, 166, 0, 0, 0, 0] 2785017856
[0, 0, 0, 167, 0, 0, 0, 0] 2801795072
[0, 0, 0, 168, 0, 0, 0, 0] 2818572288
[0, 0, 0, 169, 0, 0, 0, 0] 2835349504
[0, 0, 0, 170, 0, 0, 0, 0] 2852126720
[0, 0, 0, 171, 0, 0, 0, 0] 2868903936
[0, 0, 0, 172, 0, 0, 0, 0] 2885681152
[0, 0, 0, 173, 0, 0, 0, 0] 2902458368
[0, 0, 0, 174, 0, 0, 0, 0] 2919235584
[0, 0, 0, 175, 0, 0, 0, 0] 2936012800
[0, 0, 0, 176, 0, 0, 0, 0] 2952790016
[0, 0, 0, 177, 0, 0, 0, 0] 2969567232
[0, 0, 0, 178, 0, 0, 0, 0] 2986344448
[0, 0, 0, 179, 0, 0, 0, 0] 3003121664
[0, 0, 0, 180, 0, 0, 0, 0] 3019898880
[0, 0, 0, 181, 0, 0, 0, 0] 3036676096
[0, 0, 0, 182, 0, 0, 0, 0] 3053453312
[0, 0, 0, 183, 0, 0, 0, 0] 3070230528
[0, 0, 0, 184, 0, 0, 0, 0] 3087007744
[0, 0, 0, 185, 0, 0, 0, 0] 3103784960
[0, 0, 0, 186, 0, 0, 0, 0] 3120562176
[0, 0, 0, 187, 0, 0, 0, 0] 3137339392
[0, 0, 0, 188, 0, 0, 0, 0] 3154116608
[0, 0, 0, 189, 0, 0, 0, 0] 3170893824
[0, 0, 0, 190, 0, 0, 0, 0] 3187671040
[0, 0, 0, 191, 0, 0, 0, 0] 3204448256
[0, 0, 0, 192, 0, 0, 0, 0] 3221225472
[0, 0, 0, 193, 0, 0, 0, 0] 3238002688
[0, 0, 0, 194, 0, 0, 0, 0] 3254779904
[0, 0, 0, 195, 0, 0, 0, 0] 3271557120
[0, 0, 0, 196, 0, 0, 0, 0] 3288334336
[0, 0, 0, 197, 0, 0, 0, 0] 3305111552
[0, 0, 0, 198, 0, 0, 0, 0] 3321888768
[0, 0, 0, 199, 0, 0, 0, 0] 3338665984
[0, 0, 0, 200, 0, 0, 0, 0] 3355443200
[0, 0, 0, 201, 0, 0, 0, 0] 3372220416
[0, 0, 0, 202, 0, 0, 0, 0] 3388997632
[0, 0, 0, 203, 0, 0, 0, 0] 3405774848
[0, 0, 0, 204, 0, 0, 0, 0] 3422552064
[0, 0, 0, 205, 0, 0, 0, 0] 3439329280
[0, 0, 0, 206, 0, 0, 0, 0] 3456106496
[0, 0, 0, 207, 0, 0, 0, 0] 3472883712
[0, 0, 0, 208, 0, 0, 0, 0] 3489660928
[0, 0, 0, 209, 0, 0, 0, 0] 3506438144
[0, 0, 0, 210, 0, 0, 0, 0] 3523215360
[0, 0, 0, 211, 0, 0, 0, 0] 3539992576
[0, 0, 0, 212, 0, 0, 0, 0] 3556769792
[0, 0, 0, 213, 0, 0, 0, 0] 3573547008
[0, 0, 0, 214, 0, 0, 0, 0] 3590324224
[0, 0, 0, 215, 0, 0, 0, 0] 3607101440
[0, 0, 0, 216, 0, 0, 0, 0] 3623878656
[0, 0, 0, 217, 0, 0, 0, 0] 3640655872
[0, 0, 0, 218, 0, 0, 0, 0] 3657433088
[0, 0, 0, 219, 0, 0, 0, 0] 3674210304
[0, 0, 0, 220, 0, 0, 0, 0] 3690987520
[0, 0, 0, 221, 0, 0, 0, 0] 3707764736
[0, 0, 0, 222, 0, 0, 0, 0] 3724541952
[0, 0, 0, 223, 0, 0, 0, 0] 3741319168
[0, 0, 0, 224, 0, 0, 0, 0] 3758096384
[0, 0, 0, 225, 0, 0, 0, 0] 3774873600
[0, 0, 0, 226, 0, 0, 0, 0] 3791650816
[0, 0, 0, 227, 0, 0, 0, 0] 3808428032
[0, 0, 0, 228, 0, 0, 0, 0] 3825205248
[0, 0, 0, 229, 0, 0, 0, 0] 3841982464
[0, 0, 0, 230, 0, 0, 0, 0] 3858759680
[0, 0, 0, 231, 0, 0, 0, 0] 3875536896
[0, 0, 0, 232, 0, 0, 0, 0] 3892314112
[0, 0, 0, 233, 0, 0, 0, 0] 3909091328
[0, 0, 0, 234, 0, 0, 0, 0] 3925868544
[0, 0, 0, 235, 0, 0, 0, 0] 3942645760
[0, 0, 0, 236, 0, 0, 0, 0] 3959422976
[0, 0, 0, 237, 0, 0, 0, 0] 3976200192
[0, 0, 0, 238, 0, 0, 0, 0] 3992977408
[0, 0, 0, 239, 0, 0, 0, 0] 4009754624
[0, 0, 0, 240, 0, 0, 0, 0] 4026531840
[0, 0, 0, 241, 0, 0, 0, 0] 4043309056
[0, 0, 0, 242, 0, 0, 0, 0] 4060086272
[0, 0, 0, 243, 0, 0, 0, 0] 4076863488
[0, 0, 0, 244, 0, 0, 0, 0] 4093640704
[0, 0, 0, 245, 0, 0, 0, 0] 4110417920
[0, 0, 0, 246, 0, 0, 0, 0] 4127195136
[0, 0, 0, 247, 0, 0, 0, 0] 4143972352
[0, 0, 0, 248, 0, 0, 0, 0] 4160749568
[0, 0, 0, 249, 0, 0, 0, 0] 4177526784
[0, 0, 0, 250, 0, 0, 0, 0] 4194304000
[0, 0, 0, 251, 0, 0, 0, 0] 4211081216
[0, 0, 0, 252, 0, 0, 0, 0] 4227858432
[0, 0, 0, 253, 0, 0, 0, 0] 4244635648
[0, 0, 0, 254, 0, 0, 0, 0] 4261412864
[0, 0, 0, 255, 0, 0, 0, 0] 4278190080
[0, 0, 0, 0, 0, 0, 0, 0] 0
[0, 0, 0, 0, 1, 0, 0, 0] 4294967296
[0, 0, 0, 0, 2, 0, 0, 0] 8589934592
[0, 0, 0, 0, 3, 0, 0, 0] 12884901888
[0, 0, 0, 0, 4, 0, 0, 0] 17179869184
[0, 0, 0, 0, 5, 0, 0, 0] 21474836480
[0, 0, 0, 0, 6, 0, 0, 0] 25769803776
[0, 0, 0, 0, 7, 0, 0, 0] 30064771072
[0, 0, 0, 0, 8, 0, 0, 0] 34359738368
[0, 0, 0, 0, 9, 0, 0, 0] 38654705664
[0, 0, 0, 0, 10, 0, 0, 0] 42949672960
[0, 0, 0, 0, 11, 0, 0, 0] 47244640256
[0, 0, 0, 0, 12, 0, 0, 0] 51539607552
[0, 0, 0, 0, 13, 0, 0, 0] 55834574848
[0, 0, 0, 0, 14, 0, 0, 0] 60129542144
[0, 0, 0, 0, 15, 0, 0, 0] 64424509440
[0, 0, 0, 0, 16, 0, 0, 0] 68719476736
[0, 0, 0, 0, 17, 0, 0, 0] 73014444032
[0, 0, 0, 0, 18, 0, 0, 0] 77309411328
[0, 0, 0, 0, 19, 0, 0, 0] 81604378624
[0, 0, 0, 0, 20, 0, 0, 0] 85899345920
[0, 0, 0, 0, 21, 0, 0, 0] 90194313216
[0, 0, 0, 0, 22, 0, 0, 0] 94489280512
[0, 0, 0, 0, 23, 0, 0, 0] 98784247808
[0, 0, 0, 0, 24, 0, 0, 0] 103079215104
[0, 0, 0, 0, 25, 0, 0, 0] 107374182400
[0, 0, 0, 0, 26, 0, 0, 0] 111669149696
[0, 0, 0, 0, 27, 0, 0, 0] 115964116992
[0, 0, 0, 0, 28, 0, 0, 0] 120259084288
[0, 0, 0, 0, 29, 0, 0, 0] 124554051584
[0, 0, 0, 0, 30, 0, 0, 0] 128849018880
[0, 0, 0, 0, 31, 0, 0, 0] 133143986176
[0, 0, 0, 0, 32, 0, 0, 0] 137438953472
[0, 0, 0, 0, 33, 0, 0, 0] 141733920768
[0, 0, 0, 0, 34, 0, 0, 0] 146028888064
[0, 0, 0, 0, 35, 0, 0, 0] 150323855360
[0, 0, 0, 0, 36, 0, 0, 0] 154618822656
[0, 0, 0, 0, 37, 0, 0, 0] 158913789952
[0, 0, 0, 0, 38, 0, 0, 0] 163208757248
[0, 0, 0, 0, 39, 0, 0, 0] 167503724544
[0, 0, 0, 0, 40, 0, 0, 0] 171798691840
[0, 0, 0, 0, 41, 0, 0, 0] 176093659136
[0, 0, 0, 0, 42, 0, 0, 0] 180388626432
[0, 0, 0, 0, 43, 0, 0, 0] 184683593728
[0, 0, 0, 0, 44, 0, 0, 0] 188978561024
[0, 0, 0, 0, 45, 0, 0, 0] 193273528320
[0, 0, 0, 0, 46, 0, 0, 0] 197568495616
[0, 0, 0, 0, 47, 0, 0, 0] 201863462912
[0, 0, 0, 0, 48, 0, 0, 0] 206158430208
[0, 0, 0, 0, 49, 0, 0, 0] 210453397504
[0, 0, 0, 0, 50, 0, 0, 0] 214748364800
[0, 0, 0, 0, 51, 0, 0, 0] 219043332096
[0, 0, 0, 0, 52, 0, 0, 0] 223338299392
[0, 0, 0, 0, 53, 0, 0, 0] 227633266688
[0, 0, 0, 0, 54, 0, 0, 0] 231928233984
[0, 0, 0, 0, 55, 0, 0, 0] 236223201280
[0, 0, 0, 0, 56, 0, 0, 0] 240518168576
[0, 0, 0, 0, 57, 0, 0, 0] 244813135872
[0, 0, 0, 0, 58, 0, 0, 0] 249108103168
[0, 0, 0, 0, 59, 0, 0, 0] 253403070464
[0, 0, 0, 0, 60, 0, 0, 0] 257698037760
[0, 0, 0, 0, 61, 0, 0, 0] 261993005056
[0, 0, 0, 0, 62, 0, 0, 0] 266287972352
[0, 0, 0, 0, 63, 0, 0, 0] 270582939648
[0, 0, 0, 0, 64, 0, 0, 0] 274877906944
[0, 0, 0, 0, 65, 0, 0, 0] 279172874240
[0, 0, 0, 0, 66, 0, 0, 0] 283467841536
[0, 0, 0, 0, 67, 0, 0, 0] 287762808832
[0, 0, 0, 0, 68, 0, 0, 0] 292057776128
[0, 0, 0, 0, 69, 0, 0, 0] 296352743424
[0, 0, 0, 0, 70, 0, 0, 0] 300647710720
[0, 0, 0, 0, 71, 0, 0, 0] 304942678016
[0, 0, 0, 0, 72, 0, 0, 0] 309237645312
[0, 0, 0, 0, 73, 0, 0, 0] 313532612608
[0, 0, 0, 0, 74, 0, 0, 0] 317827579904
[0, 0, 0, 0, 75, 0, 0, 0] 322122547200
[0, 0, 0, 0, 76, 0, 0, 0] 326417514496
[0, 0, 0, 0, 77, 0, 0, 0] 330712481792
[0, 0, 0, 0, 78, 0, 0, 0] 335007449088
[0, 0, 0, 0, 79, 0, 0, 0] 339302416384
[0, 0, 0, 0, 80, 0, 0, 0] 343597383680
[0, 0, 0, 0, 81, 0, 0, 0] 347892350976
[0, 0, 0, 0, 82, 0, 0, 0] 352187318272
[0, 0, 0, 0, 83, 0, 0, 0] 356482285568
[0, 0, 0, 0, 84, 0, 0, 0] 360777252864
[0, 0, 0, 0, 85, 0, 0, 0] 365072220160
[0, 0, 0, 0, 86, 0, 0, 0] 369367187456
[0, 0, 0, 0, 87, 0, 0, 0] 373662154752
[0, 0, 0, 0, 88, 0, 0, 0] 377957122048
[0, 0, 0, 0, 89, 0, 0, 0] 382252089344
[0, 0, 0, 0, 90, 0, 0, 0] 386547056640
[0, 0, 0, 0, 91, 0, 0, 0] 390842023936
[0, 0, 0, 0, 92, 0, 0, 0] 395136991232
[0, 0, 0, 0, 93, 0, 0, 0] 399431958528
[0, 0, 0, 0, 94, 0, 0, 0] 403726925824
[0, 0, 0, 0, 95, 0, 0, 0] 408021893120
[0, 0, 0, 0, 96, 0, 0, 0] 412316860416
[0, 0, 0, 0, 97, 0, 0, 0] 416611827712
[0, 0, 0, 0, 98, 0, 0, 0] 420906795008
[0, 0, 0, 0, 99, 0, 0, 0] 425201762304
[0, 0, 0, 0, 100, 0, 0, 0] 429496729600
[0, 0, 0, 0, 101, 0, 0, 0] 433791696896
[0, 0, 0, 0, 102, 0, 0, 0] 438086664192
[0, 0, 0, 0, 103, 0, 0, 0] 442381631488
[0, 0, 0, 0, 104, 0, 0, 0] 446676598784
[0, 0, 0, 0, 105, 0, 0, 0] 450971566080
[0, 0, 0, 0, 106, 0, 0, 0] 455266533376
[0, 0, 0, 0, 107, 0, 0, 0] 459561500672
[0, 0, 0, 0, 108, 0, 0, 0] 463856467968
[0, 0, 0, 0, 109, 0, 0, 0] 468151435264
[0, 0, 0, 0, 110, 0, 0, 0] 472446402560
[0, 0, 0, 0, 111, 0, 0, 0] 476741369856
[0, 0, 0, 0, 112, 0, 0, 0] 481036337152
[0, 0, 0, 0, 113, 0, 0, 0] 485331304448
[0, 0, 0, 0, 114, 0, 0, 0] 489626271744
[0, 0, 0, 0, 115, 0, 0, 0] 493921239040
[0, 0, 0, 0, 116, 0, 0, 0] 498216206336
[0, 0, 0, 0, 117, 0, 0, 0] 502511173632
[0, 0, 0, 0, 118, 0, 0, 0] 506806140928
[0, 0, 0, 0, 119, 0, 0, 0] 511101108224
[0, 0, 0, 0, 120, 0, 0, 0] 515396075520
[0, 0, 0, 0, 121, 0, 0, 0] 519691042816
[0, 0, 0, 0, 122, 0, 0, 0] 523986010112
[0, 0, 0, 0, 123, 0, 0, 0] 528280977408
[0, 0, 0, 0, 124, 0, 0, 0] 532575944704
[0, 0, 0, 0, 125, 0, 0, 0] 536870912000
[0, 0, 0, 0, 126, 0, 0, 0] 541165879296
[0, 0, 0, 0, 127, 0, 0, 0] 545460846592
[0, 0, 0, 0, 128, 0, 0, 0] 549755813888
[0, 0, 0, 0, 129, 0, 0, 0] 554050781184
[0, 0, 0, 0, 130, 0, 0, 0] 558345748480
[0, 0, 0, 0, 131, 0, 0, 0] 562640715776
[0, 0, 0, 0, 132, 0, 0, 0] 566935683072
[0, 0, 0, 0, 133, 0, 0, 0] 571230650368
[0, 0, 0, 0, 134, 0, 0, 0] 575525617664
[0, 0, 0, 0, 135, 0, 0, 0] 579820584960
[0, 0, 0, 0, 136, 0, 0, 0] 584115552256
[0, 0, 0, 0, 137, 0, 0, 0] 588410519552
[0, 0, 0, 0, 138, 0, 0, 0] 592705486848
[0, 0, 0, 0, 139, 0, 0, 0] 597000454144
[0, 0, 0, 0, 140, 0, 0, 0] 601295421440
[0, 0, 0, 0, 141, 0, 0, 0] 605590388736
[0, 0, 0, 0, 142, 0, 0, 0] 609885356032
[0, 0, 0, 0, 143, 0, 0, 0] 614180323328
[0, 0, 0, 0, 144, 0, 0, 0] 618475290624
[0, 0, 0, 0, 145, 0, 0, 0] 622770257920
[0, 0, 0, 0, 146, 0, 0, 0] 627065225216
[0, 0, 0, 0, 147, 0, 0, 0] 631360192512
[0, 0, 0, 0, 148, 0, 0, 0] 635655159808
[0, 0, 0, 0, 149, 0, 0, 0] 639950127104
[0, 0, 0, 0, 150, 0, 0, 0] 644245094400
[0, 0, 0, 0, 151, 0, 0, 0] 648540061696
[0, 0, 0, 0, 152, 0, 0, 0] 652835028992
[0, 0, 0, 0, 153, 0, 0, 0] 657129996288
[0, 0, 0, 0, 154, 0, 0, 0] 661424963584
[0, 0, 0, 0, 155, 0, 0, 0] 665719930880
[0, 0, 0, 0, 156, 0, 0, 0] 670014898176
[0, 0, 0, 0, 157, 0, 0, 0] 674309865472
[0, 0, 0, 0, 158, 0, 0, 0] 678604832768
[0, 0, 0, 0, 159, 0, 0, 0] 682899800064
[0, 0, 0, 0, 160, 0, 0, 0] 687194767360
[0, 0, 0, 0, 161, 0, 0, 0] 691489734656
[0, 0, 0, 0, 162, 0, 0, 0] 695784701952
[0, 0, 0, 0, 163, 0, 0, 0] 700079669248
[0, 0, 0, 0, 164, 0, 0, 0] 704374636544
[0, 0, 0, 0, 165, 0, 0, 0] 708669603840
[0, 0, 0, 0, 166, 0, 0, 0] 712964571136
[0, 0, 0, 0, 167, 0, 0, 0] 717259538432
[0, 0, 0, 0, 168, 0, 0, 0] 721554505728
[0, 0, 0, 0, 169, 0, 0, 0] 725849473024
[0, 0, 0, 0, 170, 0, 0, 0] 730144440320
[0, 0, 0, 0, 171, 0, 0, 0] 734439407616
[0, 0, 0, 0, 172, 0, 0, 0] 738734374912
[0, 0, 0, 0, 173, 0, 0, 0] 743029342208
[0, 0, 0, 0, 174, 0, 0, 0] 747324309504
[0, 0, 0, 0, 175, 0, 0, 0] 751619276800
[0, 0, 0, 0, 176, 0, 0, 0] 755914244096
[0, 0, 0, 0, 177, 0, 0, 0] 760209211392
[0, 0, 0, 0, 178, 0, 0, 0] 764504178688
[0, 0, 0, 0, 179, 0, 0, 0] 768799145984
[0, 0, 0, 0, 180, 0, 0, 0] 773094113280
[0, 0, 0, 0, 181, 0, 0, 0] 777389080576
[0, 0, 0, 0, 182, 0, 0, 0] 781684047872
[0, 0, 0, 0, 183, 0, 0, 0] 785979015168
[0, 0, 0, 0, 184, 0, 0, 0] 790273982464
[0, 0, 0, 0, 185, 0, 0, 0] 794568949760
[0, 0, 0, 0, 186, 0, 0, 0] 798863917056
[0, 0, 0, 0, 187, 0, 0, 0] 803158884352
[0, 0, 0, 0, 188, 0, 0, 0] 807453851648
[0, 0, 0, 0, 189, 0, 0, 0] 811748818944
[0, 0, 0, 0, 190, 0, 0, 0] 816043786240
[0, 0, 0, 0, 191, 0, 0, 0] 820338753536
[0, 0, 0, 0, 192, 0, 0, 0] 824633720832
[0, 0, 0, 0, 193, 0, 0, 0] 828928688128
[0, 0, 0, 0, 194, 0, 0, 0] 833223655424
[0, 0, 0, 0, 195, 0, 0, 0] 837518622720
[0, 0, 0, 0, 196, 0, 0, 0] 841813590016
[0, 0, 0, 0, 197, 0, 0, 0] 846108557312
[0, 0, 0, 0, 198, 0, 0, 0] 850403524608
[0, 0, 0, 0, 199, 0, 0, 0] 854698491904
[0, 0, 0, 0, 200, 0, 0, 0] 858993459200
[0, 0, 0, 0, 201, 0, 0, 0] 863288426496
[0, 0, 0, 0, 202, 0, 0, 0] 867583393792
[0, 0, 0, 0, 203, 0, 0, 0] 871878361088
[0, 0, 0, 0, 204, 0, 0, 0] 876173328384
[0, 0, 0, 0, 205, 0, 0, 0] 880468295680
[0, 0, 0, 0, 206, 0, 0, 0] 884763262976
[0, 0, 0, 0, 207, 0, 0, 0] 889058230272
[0, 0, 0, 0, 208, 0, 0, 0] 893353197568
[0, 0, 0, 0, 209, 0, 0, 0] 897648164864
[0, 0, 0, 0, 210, 0, 0, 0] 901943132160
[0, 0, 0, 0, 211, 0, 0, 0] 906238099456
[0, 0, 0, 0, 212, 0, 0, 0] 910533066752
[0, 0, 0, 0, 213, 0, 0, 0] 914828034048
[0, 0, 0, 0, 214, 0, 0, 0] 919123001344
[0, 0, 0, 0, 215, 0, 0, 0] 923417968640
[0, 0, 0, 0, 216, 0, 0, 0] 927712935936
[0, 0, 0, 0, 217, 0, 0, 0] 932007903232
[0, 0, 0, 0, 218, 0, 0, 0] 936302870528
[0, 0, 0, 0, 219, 0, 0, 0] 940597837824
[0, 0, 0, 0, 220, 0, 0, 0] 944892805120
[0, 0, 0, 0, 221, 0, 0, 0] 949187772416
[0, 0, 0, 0, 222, 0, 0, 0] 953482739712
[0, 0, 0, 0, 223, 0, 0, 0] 957777707008
[0, 0, 0, 0, 224, 0, 0, 0] 962072674304
[0, 0, 0, 0, 225, 0, 0, 0] 966367641600
[0, 0, 0, 0, 226, 0, 0, 0] 970662608896
[0, 0, 0, 0, 227, 0, 0, 0] 974957576192
[0, 0, 0, 0, 228, 0, 0, 0] 979252543488
[0, 0, 0, 0, 229, 0, 0, 0] 983547510784
[0, 0, 0, 0, 230, 0, 0, 0] 987842478080
[0, 0, 0, 0, 231, 0, 0, 0] 992137445376
[0, 0, 0, 0, 232, 0, 0, 0] 996432412672
[0, 0, 0, 0, 233, 0, 0, 0] 1000727379968
[0, 0, 0, 0, 234, 0, 0, 0] 1005022347264
[0, 0, 0, 0, 235, 0, 0, 0] 1009317314560
[0, 0, 0, 0, 236, 0, 0, 0] 1013612281856
[0, 0, 0, 0, 237, 0, 0, 0] 1017907249152
[0, 0, 0, 0, 238, 0, 0, 0] 1022202216448
[0, 0, 0, 0, 239, 0, 0, 0] 1026497183744
[0, 0, 0, 0, 240, 0, 0, 0] 1030792151040
[0, 0, 0, 0, 241, 0, 0, 0] 1035087118336
[0, 0, 0, 0, 242, 0, 0, 0] 1039382085632
[0, 0, 0, 0, 243, 0, 0, 0] 1043677052928
[0, 0, 0, 0, 244, 0, 0, 0] 1047972020224
[0, 0, 0, 0, 245, 0, 0, 0] 1052266987520
[0, 0, 0, 0, 246, 0, 0, 0] 1056561954816
[0, 0, 0, 0, 247, 0, 0, 0] 1060856922112
[0, 0, 0, 0, 248, 0, 0, 0] 1065151889408
[0, 0, 0, 0, 249, 0, 0, 0] 1069446856704
[0, 0, 0, 0, 250, 0, 0, 0] 1073741824000
[0, 0, 0, 0, 251, 0, 0, 0] 1078036791296
[0, 0, 0, 0, 252, 0, 0, 0] 1082331758592
[0, 0, 0, 0, 253, 0, 0, 0] 1086626725888
[0, 0, 0, 0, 254, 0, 0, 0] 1090921693184
[0, 0, 0, 0, 255, 0, 0, 0] 1095216660480
[0, 0, 0, 0, 0, 0, 0, 0] 0
[0, 0, 0, 0, 0, 1, 0, 0] 1099511627776
[0, 0, 0, 0, 0, 2, 0, 0] 2199023255552
[0, 0, 0, 0, 0, 3, 0, 0] 3298534883328
[0, 0, 0, 0, 0, 4, 0, 0] 4398046511104
[0, 0, 0, 0, 0, 5, 0, 0] 5497558138880
[0, 0, 0, 0, 0, 6, 0, 0] 6597069766656
[0, 0, 0, 0, 0, 7, 0, 0] 7696581394432
[0, 0, 0, 0, 0, 8, 0, 0] 8796093022208
[0, 0, 0, 0, 0, 9, 0, 0] 9895604649984
[0, 0, 0, 0, 0, 10, 0, 0] 10995116277760
[0, 0, 0, 0, 0, 11, 0, 0] 12094627905536
[0, 0, 0, 0, 0, 12, 0, 0] 13194139533312
[0, 0, 0, 0, 0, 13, 0, 0] 14293651161088
[0, 0, 0, 0, 0, 14, 0, 0] 15393162788864
[0, 0, 0, 0, 0, 15, 0, 0] 16492674416640
[0, 0, 0, 0, 0, 16, 0, 0] 17592186044416
[0, 0, 0, 0, 0, 17, 0, 0] 18691697672192
[0, 0, 0, 0, 0, 18, 0, 0] 19791209299968
[0, 0, 0, 0, 0, 19, 0, 0] 20890720927744
[0, 0, 0, 0, 0, 20, 0, 0] 21990232555520
[0, 0, 0, 0, 0, 21, 0, 0] 23089744183296
[0, 0, 0, 0, 0, 22, 0, 0] 24189255811072
[0, 0, 0, 0, 0, 23, 0, 0] 25288767438848
[0, 0, 0, 0, 0, 24, 0, 0] 26388279066624
[0, 0, 0, 0, 0, 25, 0, 0] 27487790694400
[0, 0, 0, 0, 0, 26, 0, 0] 28587302322176
[0, 0, 0, 0, 0, 27, 0, 0] 29686813949952
[0, 0, 0, 0, 0, 28, 0, 0] 30786325577728
[0, 0, 0, 0, 0, 29, 0, 0] 31885837205504
[0, 0, 0, 0, 0, 30, 0, 0] 32985348833280
[0, 0, 0, 0, 0, 31, 0, 0] 34084860461056
[0, 0, 0, 0, 0, 32, 0, 0] 35184372088832
[0, 0, 0, 0, 0, 33, 0, 0] 36283883716608
[0, 0, 0, 0, 0, 34, 0, 0] 37383395344384
[0, 0, 0, 0, 0, 35, 0, 0] 38482906972160
[0, 0, 0, 0, 0, 36, 0, 0] 39582418599936
[0, 0, 0, 0, 0, 37, 0, 0] 40681930227712
[0, 0, 0, 0, 0, 38, 0, 0] 41781441855488
[0, 0, 0, 0, 0, 39, 0, 0] 42880953483264
[0, 0, 0, 0, 0, 40, 0, 0] 43980465111040
[0, 0, 0, 0, 0, 41, 0, 0] 45079976738816
[0, 0, 0, 0, 0, 42, 0, 0] 46179488366592
[0, 0, 0, 0, 0, 43, 0, 0] 47278999994368
[0, 0, 0, 0, 0, 44, 0, 0] 48378511622144
[0, 0, 0, 0, 0, 45, 0, 0] 49478023249920
[0, 0, 0, 0, 0, 46, 0, 0] 50577534877696
[0, 0, 0, 0, 0, 47, 0, 0] 51677046505472
[0, 0, 0, 0, 0, 48, 0, 0] 52776558133248
[0, 0, 0, 0, 0, 49, 0, 0] 53876069761024
[0, 0, 0, 0, 0, 50, 0, 0] 54975581388800
[0, 0, 0, 0, 0, 51, 0, 0] 56075093016576
[0, 0, 0, 0, 0, 52, 0, 0] 57174604644352
[0, 0, 0, 0, 0, 53, 0, 0] 58274116272128
[0, 0, 0, 0, 0, 54, 0, 0] 59373627899904
[0, 0, 0, 0, 0, 55, 0, 0] 60473139527680
[0, 0, 0, 0, 0, 56, 0, 0] 61572651155456
[0, 0, 0, 0, 0, 57, 0, 0] 62672162783232
[0, 0, 0, 0, 0, 58, 0, 0] 63771674411008
[0, 0, 0, 0, 0, 59, 0, 0] 64871186038784
[0, 0, 0, 0, 0, 60, 0, 0] 65970697666560
[0, 0, 0, 0, 0, 61, 0, 0] 67070209294336
[0, 0, 0, 0, 0, 62, 0, 0] 68169720922112
[0, 0, 0, 0, 0, 63, 0, 0] 69269232549888
[0, 0, 0, 0, 0, 64, 0, 0] 70368744177664
[0, 0, 0, 0, 0, 65, 0, 0] 71468255805440
[0, 0, 0, 0, 0, 66, 0, 0] 72567767433216
[0, 0, 0, 0, 0, 67, 0, 0] 73667279060992
[0, 0, 0, 0, 0, 68, 0, 0] 74766790688768
[0, 0, 0, 0, 0, 69, 0, 0] 75866302316544
[0, 0, 0, 0, 0, 70, 0, 0] 76965813944320
[0, 0, 0, 0, 0, 71, 0, 0] 78065325572096
[0, 0, 0, 0, 0, 72, 0, 0] 79164837199872
[0, 0, 0, 0, 0, 73, 0, 0] 80264348827648
[0, 0, 0, 0, 0, 74, 0, 0] 81363860455424
[0, 0, 0, 0, 0, 75, 0, 0] 82463372083200
[0, 0, 0, 0, 0, 76, 0, 0] 83562883710976
[0, 0, 0, 0, 0, 77, 0, 0] 84662395338752
[0, 0, 0, 0, 0, 78, 0, 0] 85761906966528
[0, 0, 0, 0, 0, 79, 0, 0] 86861418594304
[0, 0, 0, 0, 0, 80, 0, 0] 87960930222080
[0, 0, 0, 0, 0, 81, 0, 0] 89060441849856
[0, 0, 0, 0, 0, 82, 0, 0] 90159953477632
[0, 0, 0, 0, 0, 83, 0, 0] 91259465105408
[0, 0, 0, 0, 0, 84, 0, 0] 92358976733184
[0, 0, 0, 0, 0, 85, 0, 0] 93458488360960
[0, 0, 0, 0, 0, 86, 0, 0] 94557999988736
[0, 0, 0, 0, 0, 87, 0, 0] 95657511616512
[0, 0, 0, 0, 0, 88, 0, 0] 96757023244288
[0, 0, 0, 0, 0, 89, 0, 0] 97856534872064
[0, 0, 0, 0, 0, 90, 0, 0] 98956046499840
[0, 0, 0, 0, 0, 91, 0, 0] 100055558127616
[0, 0, 0, 0, 0, 92, 0, 0] 101155069755392
[0, 0, 0, 0, 0, 93, 0, 0] 102254581383168
[0, 0, 0, 0, 0, 94, 0, 0] 103354093010944
[0, 0, 0, 0, 0, 95, 0, 0] 104453604638720
[0, 0, 0, 0, 0, 96, 0, 0] 105553116266496
[0, 0, 0, 0, 0, 97, 0, 0] 106652627894272
[0, 0, 0, 0, 0, 98, 0, 0] 107752139522048
[0, 0, 0, 0, 0, 99, 0, 0] 108851651149824
[0, 0, 0, 0, 0, 100, 0, 0] 109951162777600
[0, 0, 0, 0, 0, 101, 0, 0] 111050674405376
[0, 0, 0, 0, 0, 102, 0, 0] 112150186033152
[0, 0, 0, 0, 0, 103, 0, 0] 113249697660928
[0, 0, 0, 0, 0, 104, 0, 0] 114349209288704
[0, 0, 0, 0, 0, 105, 0, 0] 115448720916480
[0, 0, 0, 0, 0, 106, 0, 0] 116548232544256
[0, 0, 0, 0, 0, 107, 0, 0] 117647744172032
[0, 0, 0, 0, 0, 108, 0, 0] 118747255799808
[0, 0, 0, 0, 0, 109, 0, 0] 119846767427584
[0, 0, 0, 0, 0, 110, 0, 0] 120946279055360
[0, 0, 0, 0, 0, 111, 0, 0] 122045790683136
[0, 0, 0, 0, 0, 112, 0, 0] 123145302310912
[0, 0, 0, 0, 0, 113, 0, 0] 124244813938688
[0, 0, 0, 0, 0, 114, 0, 0] 125344325566464
[0, 0, 0, 0, 0, 115, 0, 0] 126443837194240
[0, 0, 0, 0, 0, 116, 0, 0] 127543348822016
[0, 0, 0, 0, 0, 117, 0, 0] 128642860449792
[0, 0, 0, 0, 0, 118, 0, 0] 129742372077568
[0, 0, 0, 0, 0, 119, 0, 0] 130841883705344
[0, 0, 0, 0, 0, 120, 0, 0] 131941395333120
[0, 0, 0, 0, 0, 121, 0, 0] 133040906960896
[0, 0, 0, 0, 0, 122, 0, 0] 134140418588672
[0, 0, 0, 0, 0, 123, 0, 0] 135239930216448
[0, 0, 0, 0, 0, 124, 0, 0] 136339441844224
[0, 0, 0, 0, 0, 125, 0, 0] 137438953472000
[0, 0, 0, 0, 0, 126, 0, 0] 138538465099776
[0, 0, 0, 0, 0, 127, 0, 0] 139637976727552
[0, 0, 0, 0, 0, 128, 0, 0] 140737488355328
[0, 0, 0, 0, 0, 129, 0, 0] 141836999983104
[0, 0, 0, 0, 0, 130, 0, 0] 142936511610880
[0, 0, 0, 0, 0, 131, 0, 0] 144036023238656
[0, 0, 0, 0, 0, 132, 0, 0] 145135534866432
[0, 0, 0, 0, 0, 133, 0, 0] 146235046494208
[0, 0, 0, 0, 0, 134, 0, 0] 147334558121984
[0, 0, 0, 0, 0, 135, 0, 0] 148434069749760
[0, 0, 0, 0, 0, 136, 0, 0] 149533581377536
[0, 0, 0, 0, 0, 137, 0, 0] 150633093005312
[0, 0, 0, 0, 0, 138, 0, 0] 151732604633088
[0, 0, 0, 0, 0, 139, 0, 0] 152832116260864
[0, 0, 0, 0, 0, 140, 0, 0] 153931627888640
[0, 0, 0, 0, 0, 141, 0, 0] 155031139516416
[0, 0, 0, 0, 0, 142, 0, 0] 156130651144192
[0, 0, 0, 0, 0, 143, 0, 0] 157230162771968
[0, 0, 0, 0, 0, 144, 0, 0] 158329674399744
[0, 0, 0, 0, 0, 145, 0, 0] 159429186027520
[0, 0, 0, 0, 0, 146, 0, 0] 160528697655296
[0, 0, 0, 0, 0, 147, 0, 0] 161628209283072
[0, 0, 0, 0, 0, 148, 0, 0] 162727720910848
[0, 0, 0, 0, 0, 149, 0, 0] 163827232538624
[0, 0, 0, 0, 0, 150, 0, 0] 164926744166400
[0, 0, 0, 0, 0, 151, 0, 0] 166026255794176
[0, 0, 0, 0, 0, 152, 0, 0] 167125767421952
[0, 0, 0, 0, 0, 153, 0, 0] 168225279049728
[0, 0, 0, 0, 0, 154, 0, 0] 169324790677504
[0, 0, 0, 0, 0, 155, 0, 0] 170424302305280
[0, 0, 0, 0, 0, 156, 0, 0] 171523813933056
[0, 0, 0, 0, 0, 157, 0, 0] 172623325560832
[0, 0, 0, 0, 0, 158, 0, 0] 173722837188608
[0, 0, 0, 0, 0, 159, 0, 0] 174822348816384
[0, 0, 0, 0, 0, 160, 0, 0] 175921860444160
[0, 0, 0, 0, 0, 161, 0, 0] 177021372071936
[0, 0, 0, 0, 0, 162, 0, 0] 178120883699712
[0, 0, 0, 0, 0, 163, 0, 0] 179220395327488
[0, 0, 0, 0, 0, 164, 0, 0] 180319906955264
[0, 0, 0, 0, 0, 165, 0, 0] 181419418583040
[0, 0, 0, 0, 0, 166, 0, 0] 182518930210816
[0, 0, 0, 0, 0, 167, 0, 0] 183618441838592
[0, 0, 0, 0, 0, 168, 0, 0] 184717953466368
[0, 0, 0, 0, 0, 169, 0, 0] 185817465094144
[0, 0, 0, 0, 0, 170, 0, 0] 186916976721920
[0, 0, 0, 0, 0, 171, 0, 0] 188016488349696
[0, 0, 0, 0, 0, 172, 0, 0] 189115999977472
[0, 0, 0, 0, 0, 173, 0, 0] 190215511605248
[0, 0, 0, 0, 0, 174, 0, 0] 191315023233024
[0, 0, 0, 0, 0, 175, 0, 0] 192414534860800
[0, 0, 0, 0, 0, 176, 0, 0] 193514046488576
[0, 0, 0, 0, 0, 177, 0, 0] 194613558116352
[0, 0, 0, 0, 0, 178, 0, 0] 195713069744128
[0, 0, 0, 0, 0, 179, 0, 0] 196812581371904
[0, 0, 0, 0, 0, 180, 0, 0] 197912092999680
[0, 0, 0, 0, 0, 181, 0, 0] 199011604627456
[0, 0, 0, 0, 0, 182, 0, 0] 200111116255232
[0, 0, 0, 0, 0, 183, 0, 0] 201210627883008
[0, 0, 0, 0, 0, 184, 0, 0] 202310139510784
[0, 0, 0, 0, 0, 185, 0, 0] 203409651138560
[0, 0, 0, 0, 0, 186, 0, 0] 204509162766336
[0, 0, 0, 0, 0, 187, 0, 0] 205608674394112
[0, 0, 0, 0, 0, 188, 0, 0] 206708186021888
[0, 0, 0, 0, 0, 189, 0, 0] 207807697649664
[0, 0, 0, 0, 0, 190, 0, 0] 208907209277440
[0, 0, 0, 0, 0, 191, 0, 0] 210006720905216
[0, 0, 0, 0, 0, 192, 0, 0] 211106232532992
[0, 0, 0, 0, 0, 193, 0, 0] 212205744160768
[0, 0, 0, 0, 0, 194, 0, 0] 213305255788544
[0, 0, 0, 0, 0, 195, 0, 0] 214404767416320
[0, 0, 0, 0, 0, 196, 0, 0] 215504279044096
[0, 0, 0, 0, 0, 197, 0, 0] 216603790671872
[0, 0, 0, 0, 0, 198, 0, 0] 217703302299648
[0, 0, 0, 0, 0, 199, 0, 0] 218802813927424
[0, 0, 0, 0, 0, 200, 0, 0] 219902325555200
[0, 0, 0, 0, 0, 201, 0, 0] 221001837182976
[0, 0, 0, 0, 0, 202, 0, 0] 222101348810752
[0, 0, 0, 0, 0, 203, 0, 0] 223200860438528
[0, 0, 0, 0, 0, 204, 0, 0] 224300372066304
[0, 0, 0, 0, 0, 205, 0, 0] 225399883694080
[0, 0, 0, 0, 0, 206, 0, 0] 226499395321856
[0, 0, 0, 0, 0, 207, 0, 0] 227598906949632
[0, 0, 0, 0, 0, 208, 0, 0] 228698418577408
[0, 0, 0, 0, 0, 209, 0, 0] 229797930205184
[0, 0, 0, 0, 0, 210, 0, 0] 230897441832960
[0, 0, 0, 0, 0, 211, 0, 0] 231996953460736
[0, 0, 0, 0, 0, 212, 0, 0] 233096465088512
[0, 0, 0, 0, 0, 213, 0, 0] 234195976716288
[0, 0, 0, 0, 0, 214, 0, 0] 235295488344064
[0, 0, 0, 0, 0, 215, 0, 0] 236394999971840
[0, 0, 0, 0, 0, 216, 0, 0] 237494511599616
[0, 0, 0, 0, 0, 217, 0, 0] 238594023227392
[0, 0, 0, 0, 0, 218, 0, 0] 239693534855168
[0, 0, 0, 0, 0, 219, 0, 0] 240793046482944
[0, 0, 0, 0, 0, 220, 0, 0] 241892558110720
[0, 0, 0, 0, 0, 221, 0, 0] 242992069738496
[0, 0, 0, 0, 0, 222, 0, 0] 244091581366272
[0, 0, 0, 0, 0, 223, 0, 0] 245191092994048
[0, 0, 0, 0, 0, 224, 0, 0] 246290604621824
[0, 0, 0, 0, 0, 225, 0, 0] 247390116249600
[0, 0, 0, 0, 0, 226, 0, 0] 248489627877376
[0, 0, 0, 0, 0, 227, 0, 0] 249589139505152
[0, 0, 0, 0, 0, 228, 0, 0] 250688651132928
[0, 0, 0, 0, 0, 229, 0, 0] 251788162760704
[0, 0, 0, 0, 0, 230, 0, 0] 252887674388480
[0, 0, 0, 0, 0, 231, 0, 0] 253987186016256
[0, 0, 0, 0, 0, 232, 0, 0] 255086697644032
[0, 0, 0, 0, 0, 233, 0, 0] 256186209271808
[0, 0, 0, 0, 0, 234, 0, 0] 257285720899584
[0, 0, 0, 0, 0, 235, 0, 0] 258385232527360
[0, 0, 0, 0, 0, 236, 0, 0] 259484744155136
[0, 0, 0, 0, 0, 237, 0, 0] 260584255782912
[0, 0, 0, 0, 0, 238, 0, 0] 261683767410688
[0, 0, 0, 0, 0, 239, 0, 0] 262783279038464
[0, 0, 0, 0, 0, 240, 0, 0] 263882790666240
[0, 0, 0, 0, 0, 241, 0, 0] 264982302294016
[0, 0, 0, 0, 0, 242, 0, 0] 266081813921792
[0, 0, 0, 0, 0, 243, 0, 0] 267181325549568
[0, 0, 0, 0, 0, 244, 0, 0] 268280837177344
[0, 0, 0, 0, 0, 245, 0, 0] 269380348805120
[0, 0, 0, 0, 0, 246, 0, 0] 270479860432896
[0, 0, 0, 0, 0, 247, 0, 0] 271579372060672
[0, 0, 0, 0, 0, 248, 0, 0] 272678883688448
[0, 0, 0, 0, 0, 249, 0, 0] 273778395316224
[0, 0, 0, 0, 0, 250, 0, 0] 274877906944000
[0, 0, 0, 0, 0, 251, 0, 0] 275977418571776
[0, 0, 0, 0, 0, 252, 0, 0] 277076930199552
[0, 0, 0, 0, 0, 253, 0, 0] 278176441827328
[0, 0, 0, 0, 0, 254, 0, 0] 279275953455104
[0, 0, 0, 0, 0, 255, 0, 0] 280375465082880
[0, 0, 0, 0, 0, 0, 0, 0] 0
[0, 0, 0, 0, 0, 0, 1, 0] 281474976710656
[0, 0, 0, 0, 0, 0, 2, 0] 562949953421312
[0, 0, 0, 0, 0, 0, 3, 0] 844424930131968
[0, 0, 0, 0, 0, 0, 4, 0] 1125899906842624
[0, 0, 0, 0, 0, 0, 5, 0] 1407374883553280
[0, 0, 0, 0, 0, 0, 6, 0] 1688849860263936
[0, 0, 0, 0, 0, 0, 7, 0] 1970324836974592
[0, 0, 0, 0, 0, 0, 8, 0] 2251799813685248
[0, 0, 0, 0, 0, 0, 9, 0] 2533274790395904
[0, 0, 0, 0, 0, 0, 10, 0] 2814749767106560
[0, 0, 0, 0, 0, 0, 11, 0] 3096224743817216
[0, 0, 0, 0, 0, 0, 12, 0] 3377699720527872
[0, 0, 0, 0, 0, 0, 13, 0] 3659174697238528
[0, 0, 0, 0, 0, 0, 14, 0] 3940649673949184
[0, 0, 0, 0, 0, 0, 15, 0] 4222124650659840
[0, 0, 0, 0, 0, 0, 16, 0] 4503599627370496
[0, 0, 0, 0, 0, 0, 17, 0] 4785074604081152
[0, 0, 0, 0, 0, 0, 18, 0] 5066549580791808
[0, 0, 0, 0, 0, 0, 19, 0] 5348024557502464
[0, 0, 0, 0, 0, 0, 20, 0] 5629499534213120
[0, 0, 0, 0, 0, 0, 21, 0] 5910974510923776
[0, 0, 0, 0, 0, 0, 22, 0] 6192449487634432
[0, 0, 0, 0, 0, 0, 23, 0] 6473924464345088
[0, 0, 0, 0, 0, 0, 24, 0] 6755399441055744
[0, 0, 0, 0, 0, 0, 25, 0] 7036874417766400
[0, 0, 0, 0, 0, 0, 26, 0] 7318349394477056
[0, 0, 0, 0, 0, 0, 27, 0] 7599824371187712
[0, 0, 0, 0, 0, 0, 28, 0] 7881299347898368
[0, 0, 0, 0, 0, 0, 29, 0] 8162774324609024
[0, 0, 0, 0, 0, 0, 30, 0] 8444249301319680
[0, 0, 0, 0, 0, 0, 31, 0] 8725724278030336
[0, 0, 0, 0, 0, 0, 32, 0] 9007199254740992
[0, 0, 0, 0, 0, 0, 33, 0] 9288674231451648
[0, 0, 0, 0, 0, 0, 34, 0] 9570149208162304
[0, 0, 0, 0, 0, 0, 35, 0] 9851624184872960
[0, 0, 0, 0, 0, 0, 36, 0] 10133099161583616
[0, 0, 0, 0, 0, 0, 37, 0] 10414574138294272
[0, 0, 0, 0, 0, 0, 38, 0] 10696049115004928
[0, 0, 0, 0, 0, 0, 39, 0] 10977524091715584
[0, 0, 0, 0, 0, 0, 40, 0] 11258999068426240
[0, 0, 0, 0, 0, 0, 41, 0] 11540474045136896
[0, 0, 0, 0, 0, 0, 42, 0] 11821949021847552
[0, 0, 0, 0, 0, 0, 43, 0] 12103423998558208
[0, 0, 0, 0, 0, 0, 44, 0] 12384898975268864
[0, 0, 0, 0, 0, 0, 45, 0] 12666373951979520
[0, 0, 0, 0, 0, 0, 46, 0] 12947848928690176
[0, 0, 0, 0, 0, 0, 47, 0] 13229323905400832
[0, 0, 0, 0, 0, 0, 48, 0] 13510798882111488
[0, 0, 0, 0, 0, 0, 49, 0] 13792273858822144
[0, 0, 0, 0, 0, 0, 50, 0] 14073748835532800
[0, 0, 0, 0, 0, 0, 51, 0] 14355223812243456
[0, 0, 0, 0, 0, 0, 52, 0] 14636698788954112
[0, 0, 0, 0, 0, 0, 53, 0] 14918173765664768
[0, 0, 0, 0, 0, 0, 54, 0] 15199648742375424
[0, 0, 0, 0, 0, 0, 55, 0] 15481123719086080
[0, 0, 0, 0, 0, 0, 56, 0] 15762598695796736
[0, 0, 0, 0, 0, 0, 57, 0] 16044073672507392
[0, 0, 0, 0, 0, 0, 58, 0] 16325548649218048
[0, 0, 0, 0, 0, 0, 59, 0] 16607023625928704
[0, 0, 0, 0, 0, 0, 60, 0] 16888498602639360
[0, 0, 0, 0, 0, 0, 61, 0] 17169973579350016
[0, 0, 0, 0, 0, 0, 62, 0] 17451448556060672
[0, 0, 0, 0, 0, 0, 63, 0] 17732923532771328
[0, 0, 0, 0, 0, 0, 64, 0] 18014398509481984
[0, 0, 0, 0, 0, 0, 65, 0] 18295873486192640
[0, 0, 0, 0, 0, 0, 66, 0] 18577348462903296
[0, 0, 0, 0, 0, 0, 67, 0] 18858823439613952
[0, 0, 0, 0, 0, 0, 68, 0] 19140298416324608
[0, 0, 0, 0, 0, 0, 69, 0] 19421773393035264
[0, 0, 0, 0, 0, 0, 70, 0] 19703248369745920
[0, 0, 0, 0, 0, 0, 71, 0] 19984723346456576
[0, 0, 0, 0, 0, 0, 72, 0] 20266198323167232
[0, 0, 0, 0, 0, 0, 73, 0] 20547673299877888
[0, 0, 0, 0, 0, 0, 74, 0] 20829148276588544
[0, 0, 0, 0, 0, 0, 75, 0] 21110623253299200
[0, 0, 0, 0, 0, 0, 76, 0] 21392098230009856
[0, 0, 0, 0, 0, 0, 77, 0] 21673573206720512
[0, 0, 0, 0, 0, 0, 78, 0] 21955048183431168
[0, 0, 0, 0, 0, 0, 79, 0] 22236523160141824
[0, 0, 0, 0, 0, 0, 80, 0] 22517998136852480
[0, 0, 0, 0, 0, 0, 81, 0] 22799473113563136
[0, 0, 0, 0, 0, 0, 82, 0] 23080948090273792
[0, 0, 0, 0, 0, 0, 83, 0] 23362423066984448
[0, 0, 0, 0, 0, 0, 84, 0] 23643898043695104
[0, 0, 0, 0, 0, 0, 85, 0] 23925373020405760
[0, 0, 0, 0, 0, 0, 86, 0] 24206847997116416
[0, 0, 0, 0, 0, 0, 87, 0] 24488322973827072
[0, 0, 0, 0, 0, 0, 88, 0] 24769797950537728
[0, 0, 0, 0, 0, 0, 89, 0] 25051272927248384
[0, 0, 0, 0, 0, 0, 90, 0] 25332747903959040
[0, 0, 0, 0, 0, 0, 91, 0] 25614222880669696
[0, 0, 0, 0, 0, 0, 92, 0] 25895697857380352
[0, 0, 0, 0, 0, 0, 93, 0] 26177172834091008
[0, 0, 0, 0, 0, 0, 94, 0] 26458647810801664
[0, 0, 0, 0, 0, 0, 95, 0] 26740122787512320
[0, 0, 0, 0, 0, 0, 96, 0] 27021597764222976
[0, 0, 0, 0, 0, 0, 97, 0] 27303072740933632
[0, 0, 0, 0, 0, 0, 98, 0] 27584547717644288
[0, 0, 0, 0, 0, 0, 99, 0] 27866022694354944
[0, 0, 0, 0, 0, 0, 100, 0] 28147497671065600
[0, 0, 0, 0, 0, 0, 101, 0] 28428972647776256
[0, 0, 0, 0, 0, 0, 102, 0] 28710447624486912
[0, 0, 0, 0, 0, 0, 103, 0] 28991922601197568
[0, 0, 0, 0, 0, 0, 104, 0] 29273397577908224
[0, 0, 0, 0, 0, 0, 105, 0] 29554872554618880
[0, 0, 0, 0, 0, 0, 106, 0] 29836347531329536
[0, 0, 0, 0, 0, 0, 107, 0] 30117822508040192
[0, 0, 0, 0, 0, 0, 108, 0] 30399297484750848
[0, 0, 0, 0, 0, 0, 109, 0] 30680772461461504
[0, 0, 0, 0, 0, 0, 110, 0] 30962247438172160
[0, 0, 0, 0, 0, 0, 111, 0] 31243722414882816
[0, 0, 0, 0, 0, 0, 112, 0] 31525197391593472
[0, 0, 0, 0, 0, 0, 113, 0] 31806672368304128
[0, 0, 0, 0, 0, 0, 114, 0] 32088147345014784
[0, 0, 0, 0, 0, 0, 115, 0] 32369622321725440
[0, 0, 0, 0, 0, 0, 116, 0] 32651097298436096
[0, 0, 0, 0, 0, 0, 117, 0] 32932572275146752
[0, 0, 0, 0, 0, 0, 118, 0] 33214047251857408
[0, 0, 0, 0, 0, 0, 119, 0] 33495522228568064
[0, 0, 0, 0, 0, 0, 120, 0] 33776997205278720
[0, 0, 0, 0, 0, 0, 121, 0] 34058472181989376
[0, 0, 0, 0, 0, 0, 122, 0] 34339947158700032
[0, 0, 0, 0, 0, 0, 123, 0] 34621422135410688
[0, 0, 0, 0, 0, 0, 124, 0] 34902897112121344
[0, 0, 0, 0, 0, 0, 125, 0] 35184372088832000
[0, 0, 0, 0, 0, 0, 126, 0] 35465847065542656
[0, 0, 0, 0, 0, 0, 127, 0] 35747322042253312
[0, 0, 0, 0, 0, 0, 128, 0] 36028797018963968
[0, 0, 0, 0, 0, 0, 129, 0] 36310271995674624
[0, 0, 0, 0, 0, 0, 130, 0] 36591746972385280
[0, 0, 0, 0, 0, 0, 131, 0] 36873221949095936
[0, 0, 0, 0, 0, 0, 132, 0] 37154696925806592
[0, 0, 0, 0, 0, 0, 133, 0] 37436171902517248
[0, 0, 0, 0, 0, 0, 134, 0] 37717646879227904
[0, 0, 0, 0, 0, 0, 135, 0] 37999121855938560
[0, 0, 0, 0, 0, 0, 136, 0] 38280596832649216
[0, 0, 0, 0, 0, 0, 137, 0] 38562071809359872
[0, 0, 0, 0, 0, 0, 138, 0] 38843546786070528
[0, 0, 0, 0, 0, 0, 139, 0] 39125021762781184
[0, 0, 0, 0, 0, 0, 140, 0] 39406496739491840
[0, 0, 0, 0, 0, 0, 141, 0] 39687971716202496
[0, 0, 0, 0, 0, 0, 142, 0] 39969446692913152
[0, 0, 0, 0, 0, 0, 143, 0] 40250921669623808
[0, 0, 0, 0, 0, 0, 144, 0] 40532396646334464
[0, 0, 0, 0, 0, 0, 145, 0] 40813871623045120
[0, 0, 0, 0, 0, 0, 146, 0] 41095346599755776
[0, 0, 0, 0, 0, 0, 147, 0] 41376821576466432
[0, 0, 0, 0, 0, 0, 148, 0] 41658296553177088
[0, 0, 0, 0, 0, 0, 149, 0] 41939771529887744
[0, 0, 0, 0, 0, 0, 150, 0] 42221246506598400
[0, 0, 0, 0, 0, 0, 151, 0] 42502721483309056
[0, 0, 0, 0, 0, 0, 152, 0] 42784196460019712
[0, 0, 0, 0, 0, 0, 153, 0] 43065671436730368
[0, 0, 0, 0, 0, 0, 154, 0] 43347146413441024
[0, 0, 0, 0, 0, 0, 155, 0] 43628621390151680
[0, 0, 0, 0, 0, 0, 156, 0] 43910096366862336
[0, 0, 0, 0, 0, 0, 157, 0] 44191571343572992
[0, 0, 0, 0, 0, 0, 158, 0] 44473046320283648
[0, 0, 0, 0, 0, 0, 159, 0] 44754521296994304
[0, 0, 0, 0, 0, 0, 160, 0] 45035996273704960
[0, 0, 0, 0, 0, 0, 161, 0] 45317471250415616
[0, 0, 0, 0, 0, 0, 162, 0] 45598946227126272
[0, 0, 0, 0, 0, 0, 163, 0] 45880421203836928
[0, 0, 0, 0, 0, 0, 164, 0] 46161896180547584
[0, 0, 0, 0, 0, 0, 165, 0] 46443371157258240
[0, 0, 0, 0, 0, 0, 166, 0] 46724846133968896
[0, 0, 0, 0, 0, 0, 167, 0] 47006321110679552
[0, 0, 0, 0, 0, 0, 168, 0] 47287796087390208
[0, 0, 0, 0, 0, 0, 169, 0] 47569271064100864
[0, 0, 0, 0, 0, 0, 170, 0] 47850746040811520
[0, 0, 0, 0, 0, 0, 171, 0] 48132221017522176
[0, 0, 0, 0, 0, 0, 172, 0] 48413695994232832
[0, 0, 0, 0, 0, 0, 173, 0] 48695170970943488
[0, 0, 0, 0, 0, 0, 174, 0] 48976645947654144
[0, 0, 0, 0, 0, 0, 175, 0] 49258120924364800
[0, 0, 0, 0, 0, 0, 176, 0] 49539595901075456
[0, 0, 0, 0, 0, 0, 177, 0] 49821070877786112
[0, 0, 0, 0, 0, 0, 178, 0] 50102545854496768
[0, 0, 0, 0, 0, 0, 179, 0] 50384020831207424
[0, 0, 0, 0, 0, 0, 180, 0] 50665495807918080
[0, 0, 0, 0, 0, 0, 181, 0] 50946970784628736
[0, 0, 0, 0, 0, 0, 182, 0] 51228445761339392
[0, 0, 0, 0, 0, 0, 183, 0] 51509920738050048
[0, 0, 0, 0, 0, 0, 184, 0] 51791395714760704
[0, 0, 0, 0, 0, 0, 185, 0] 52072870691471360
[0, 0, 0, 0, 0, 0, 186, 0] 52354345668182016
[0, 0, 0, 0, 0, 0, 187, 0] 52635820644892672
[0, 0, 0, 0, 0, 0, 188, 0] 52917295621603328
[0, 0, 0, 0, 0, 0, 189, 0] 53198770598313984
[0, 0, 0, 0, 0, 0, 190, 0] 53480245575024640
[0, 0, 0, 0, 0, 0, 191, 0] 53761720551735296
[0, 0, 0, 0, 0, 0, 192, 0] 54043195528445952
[0, 0, 0, 0, 0, 0, 193, 0] 54324670505156608
[0, 0, 0, 0, 0, 0, 194, 0] 54606145481867264
[0, 0, 0, 0, 0, 0, 195, 0] 54887620458577920
[0, 0, 0, 0, 0, 0, 196, 0] 55169095435288576
[0, 0, 0, 0, 0, 0, 197, 0] 55450570411999232
[0, 0, 0, 0, 0, 0, 198, 0] 55732045388709888
[0, 0, 0, 0, 0, 0, 199, 0] 56013520365420544
[0, 0, 0, 0, 0, 0, 200, 0] 56294995342131200
[0, 0, 0, 0, 0, 0, 201, 0] 56576470318841856
[0, 0, 0, 0, 0, 0, 202, 0] 56857945295552512
[0, 0, 0, 0, 0, 0, 203, 0] 57139420272263168
[0, 0, 0, 0, 0, 0, 204, 0] 57420895248973824
[0, 0, 0, 0, 0, 0, 205, 0] 57702370225684480
[0, 0, 0, 0, 0, 0, 206, 0] 57983845202395136
[0, 0, 0, 0, 0, 0, 207, 0] 58265320179105792
[0, 0, 0, 0, 0, 0, 208, 0] 58546795155816448
[0, 0, 0, 0, 0, 0, 209, 0] 58828270132527104
[0, 0, 0, 0, 0, 0, 210, 0] 59109745109237760
[0, 0, 0, 0, 0, 0, 211, 0] 59391220085948416
[0, 0, 0, 0, 0, 0, 212, 0] 59672695062659072
[0, 0, 0, 0, 0, 0, 213, 0] 59954170039369728
[0, 0, 0, 0, 0, 0, 214, 0] 60235645016080384
[0, 0, 0, 0, 0, 0, 215, 0] 60517119992791040
[0, 0, 0, 0, 0, 0, 216, 0] 60798594969501696
[0, 0, 0, 0, 0, 0, 217, 0] 61080069946212352
[0, 0, 0, 0, 0, 0, 218, 0] 61361544922923008
[0, 0, 0, 0, 0, 0, 219, 0] 61643019899633664
[0, 0, 0, 0, 0, 0, 220, 0] 61924494876344320
[0, 0, 0, 0, 0, 0, 221, 0] 62205969853054976
[0, 0, 0, 0, 0, 0, 222, 0] 62487444829765632
[0, 0, 0, 0, 0, 0, 223, 0] 62768919806476288
[0, 0, 0, 0, 0, 0, 224, 0] 63050394783186944
[0, 0, 0, 0, 0, 0, 225, 0] 63331869759897600
[0, 0, 0, 0, 0, 0, 226, 0] 63613344736608256
[0, 0, 0, 0, 0, 0, 227, 0] 63894819713318912
[0, 0, 0, 0, 0, 0, 228, 0] 64176294690029568
[0, 0, 0, 0, 0, 0, 229, 0] 64457769666740224
[0, 0, 0, 0, 0, 0, 230, 0] 64739244643450880
[0, 0, 0, 0, 0, 0, 231, 0] 65020719620161536
[0, 0, 0, 0, 0, 0, 232, 0] 65302194596872192
[0, 0, 0, 0, 0, 0, 233, 0] 65583669573582848
[0, 0, 0, 0, 0, 0, 234, 0] 65865144550293504
[0, 0, 0, 0, 0, 0, 235, 0] 66146619527004160
[0, 0, 0, 0, 0, 0, 236, 0] 66428094503714816
[0, 0, 0, 0, 0, 0, 237, 0] 66709569480425472
[0, 0, 0, 0, 0, 0, 238, 0] 66991044457136128
[0, 0, 0, 0, 0, 0, 239, 0] 67272519433846784
[0, 0, 0, 0, 0, 0, 240, 0] 67553994410557440
[0, 0, 0, 0, 0, 0, 241, 0] 67835469387268096
[0, 0, 0, 0, 0, 0, 242, 0] 68116944363978752
[0, 0, 0, 0, 0, 0, 243, 0] 68398419340689408
[0, 0, 0, 0, 0, 0, 244, 0] 68679894317400064
[0, 0, 0, 0, 0, 0, 245, 0] 68961369294110720
[0, 0, 0, 0, 0, 0, 246, 0] 69242844270821376
[0, 0, 0, 0, 0, 0, 247, 0] 69524319247532032
[0, 0, 0, 0, 0, 0, 248, 0] 69805794224242688
[0, 0, 0, 0, 0, 0, 249, 0] 70087269200953344
[0, 0, 0, 0, 0, 0, 250, 0] 70368744177664000
[0, 0, 0, 0, 0, 0, 251, 0] 70650219154374656
[0, 0, 0, 0, 0, 0, 252, 0] 70931694131085312
[0, 0, 0, 0, 0, 0, 253, 0] 71213169107795968
[0, 0, 0, 0, 0, 0, 254, 0] 71494644084506624
[0, 0, 0, 0, 0, 0, 255, 0] 71776119061217280
[0, 0, 0, 0, 0, 0, 0, 0] 0
[0, 0, 0, 0, 0, 0, 0, 1] 72057594037927936
[0, 0, 0, 0, 0, 0, 0, 2] 144115188075855872
[0, 0, 0, 0, 0, 0, 0, 3] 216172782113783808
[0, 0, 0, 0, 0, 0, 0, 4] 288230376151711744
[0, 0, 0, 0, 0, 0, 0, 5] 360287970189639680
[0, 0, 0, 0, 0, 0, 0, 6] 432345564227567616
[0, 0, 0, 0, 0, 0, 0, 7] 504403158265495552
[0, 0, 0, 0, 0, 0, 0, 8] 576460752303423488
[0, 0, 0, 0, 0, 0, 0, 9] 648518346341351424
[0, 0, 0, 0, 0, 0, 0, 10] 720575940379279360
[0, 0, 0, 0, 0, 0, 0, 11] 792633534417207296
[0, 0, 0, 0, 0, 0, 0, 12] 864691128455135232
[0, 0, 0, 0, 0, 0, 0, 13] 936748722493063168
[0, 0, 0, 0, 0, 0, 0, 14] 1008806316530991104
[0, 0, 0, 0, 0, 0, 0, 15] 1080863910568919040
[0, 0, 0, 0, 0, 0, 0, 16] 1152921504606846976
[0, 0, 0, 0, 0, 0, 0, 17] 1224979098644774912
[0, 0, 0, 0, 0, 0, 0, 18] 1297036692682702848
[0, 0, 0, 0, 0, 0, 0, 19] 1369094286720630784
[0, 0, 0, 0, 0, 0, 0, 20] 1441151880758558720
[0, 0, 0, 0, 0, 0, 0, 21] 1513209474796486656
[0, 0, 0, 0, 0, 0, 0, 22] 1585267068834414592
[0, 0, 0, 0, 0, 0, 0, 23] 1657324662872342528
[0, 0, 0, 0, 0, 0, 0, 24] 1729382256910270464
[0, 0, 0, 0, 0, 0, 0, 25] 1801439850948198400
[0, 0, 0, 0, 0, 0, 0, 26] 1873497444986126336
[0, 0, 0, 0, 0, 0, 0, 27] 1945555039024054272
[0, 0, 0, 0, 0, 0, 0, 28] 2017612633061982208
[0, 0, 0, 0, 0, 0, 0, 29] 2089670227099910144
[0, 0, 0, 0, 0, 0, 0, 30] 2161727821137838080
[0, 0, 0, 0, 0, 0, 0, 31] 2233785415175766016
[0, 0, 0, 0, 0, 0, 0, 32] 2305843009213693952
[0, 0, 0, 0, 0, 0, 0, 33] 2377900603251621888
[0, 0, 0, 0, 0, 0, 0, 34] 2449958197289549824
[0, 0, 0, 0, 0, 0, 0, 35] 2522015791327477760
[0, 0, 0, 0, 0, 0, 0, 36] 2594073385365405696
[0, 0, 0, 0, 0, 0, 0, 37] 2666130979403333632
[0, 0, 0, 0, 0, 0, 0, 38] 2738188573441261568
[0, 0, 0, 0, 0, 0, 0, 39] 2810246167479189504
[0, 0, 0, 0, 0, 0, 0, 40] 2882303761517117440
[0, 0, 0, 0, 0, 0, 0, 41] 2954361355555045376
[0, 0, 0, 0, 0, 0, 0, 42] 3026418949592973312
[0, 0, 0, 0, 0, 0, 0, 43] 3098476543630901248
[0, 0, 0, 0, 0, 0, 0, 44] 3170534137668829184
[0, 0, 0, 0, 0, 0, 0, 45] 3242591731706757120
[0, 0, 0, 0, 0, 0, 0, 46] 3314649325744685056
[0, 0, 0, 0, 0, 0, 0, 47] 3386706919782612992
[0, 0, 0, 0, 0, 0, 0, 48] 3458764513820540928
[0, 0, 0, 0, 0, 0, 0, 49] 3530822107858468864
[0, 0, 0, 0, 0, 0, 0, 50] 3602879701896396800
[0, 0, 0, 0, 0, 0, 0, 51] 3674937295934324736
[0, 0, 0, 0, 0, 0, 0, 52] 3746994889972252672
[0, 0, 0, 0, 0, 0, 0, 53] 3819052484010180608
[0, 0, 0, 0, 0, 0, 0, 54] 3891110078048108544
[0, 0, 0, 0, 0, 0, 0, 55] 3963167672086036480
[0, 0, 0, 0, 0, 0, 0, 56] 4035225266123964416
[0, 0, 0, 0, 0, 0, 0, 57] 4107282860161892352
[0, 0, 0, 0, 0, 0, 0, 58] 4179340454199820288
[0, 0, 0, 0, 0, 0, 0, 59] 4251398048237748224
[0, 0, 0, 0, 0, 0, 0, 60] 4323455642275676160
[0, 0, 0, 0, 0, 0, 0, 61] 4395513236313604096
[0, 0, 0, 0, 0, 0, 0, 62] 4467570830351532032
[0, 0, 0, 0, 0, 0, 0, 63] 4539628424389459968
[0, 0, 0, 0, 0, 0, 0, 64] 4611686018427387904
[0, 0, 0, 0, 0, 0, 0, 65] 4683743612465315840
[0, 0, 0, 0, 0, 0, 0, 66] 4755801206503243776
[0, 0, 0, 0, 0, 0, 0, 67] 4827858800541171712
[0, 0, 0, 0, 0, 0, 0, 68] 4899916394579099648
[0, 0, 0, 0, 0, 0, 0, 69] 4971973988617027584
[0, 0, 0, 0, 0, 0, 0, 70] 5044031582654955520
[0, 0, 0, 0, 0, 0, 0, 71] 5116089176692883456
[0, 0, 0, 0, 0, 0, 0, 72] 5188146770730811392
[0, 0, 0, 0, 0, 0, 0, 73] 5260204364768739328
[0, 0, 0, 0, 0, 0, 0, 74] 5332261958806667264
[0, 0, 0, 0, 0, 0, 0, 75] 5404319552844595200
[0, 0, 0, 0, 0, 0, 0, 76] 5476377146882523136
[0, 0, 0, 0, 0, 0, 0, 77] 5548434740920451072
[0, 0, 0, 0, 0, 0, 0, 78] 5620492334958379008
[0, 0, 0, 0, 0, 0, 0, 79] 5692549928996306944
[0, 0, 0, 0, 0, 0, 0, 80] 5764607523034234880
[0, 0, 0, 0, 0, 0, 0, 81] 5836665117072162816
[0, 0, 0, 0, 0, 0, 0, 82] 5908722711110090752
[0, 0, 0, 0, 0, 0, 0, 83] 5980780305148018688
[0, 0, 0, 0, 0, 0, 0, 84] 6052837899185946624
[0, 0, 0, 0, 0, 0, 0, 85] 6124895493223874560
[0, 0, 0, 0, 0, 0, 0, 86] 6196953087261802496
[0, 0, 0, 0, 0, 0, 0, 87] 6269010681299730432
[0, 0, 0, 0, 0, 0, 0, 88] 6341068275337658368
[0, 0, 0, 0, 0, 0, 0, 89] 6413125869375586304
[0, 0, 0, 0, 0, 0, 0, 90] 6485183463413514240
[0, 0, 0, 0, 0, 0, 0, 91] 6557241057451442176
[0, 0, 0, 0, 0, 0, 0, 92] 6629298651489370112
[0, 0, 0, 0, 0, 0, 0, 93] 6701356245527298048
[0, 0, 0, 0, 0, 0, 0, 94] 6773413839565225984
[0, 0, 0, 0, 0, 0, 0, 95] 6845471433603153920
[0, 0, 0, 0, 0, 0, 0, 96] 6917529027641081856
[0, 0, 0, 0, 0, 0, 0, 97] 6989586621679009792
[0, 0, 0, 0, 0, 0, 0, 98] 7061644215716937728
[0, 0, 0, 0, 0, 0, 0, 99] 7133701809754865664
[0, 0, 0, 0, 0, 0, 0, 100] 7205759403792793600
[0, 0, 0, 0, 0, 0, 0, 101] 7277816997830721536
[0, 0, 0, 0, 0, 0, 0, 102] 7349874591868649472
[0, 0, 0, 0, 0, 0, 0, 103] 7421932185906577408
[0, 0, 0, 0, 0, 0, 0, 104] 7493989779944505344
[0, 0, 0, 0, 0, 0, 0, 105] 7566047373982433280
[0, 0, 0, 0, 0, 0, 0, 106] 7638104968020361216
[0, 0, 0, 0, 0, 0, 0, 107] 7710162562058289152
[0, 0, 0, 0, 0, 0, 0, 108] 7782220156096217088
[0, 0, 0, 0, 0, 0, 0, 109] 7854277750134145024
[0, 0, 0, 0, 0, 0, 0, 110] 7926335344172072960
[0, 0, 0, 0, 0, 0, 0, 111] 7998392938210000896
[0, 0, 0, 0, 0, 0, 0, 112] 8070450532247928832
[0, 0, 0, 0, 0, 0, 0, 113] 8142508126285856768
[0, 0, 0, 0, 0, 0, 0, 114] 8214565720323784704
[0, 0, 0, 0, 0, 0, 0, 115] 8286623314361712640
[0, 0, 0, 0, 0, 0, 0, 116] 8358680908399640576
[0, 0, 0, 0, 0, 0, 0, 117] 8430738502437568512
[0, 0, 0, 0, 0, 0, 0, 118] 8502796096475496448
[0, 0, 0, 0, 0, 0, 0, 119] 8574853690513424384
[0, 0, 0, 0, 0, 0, 0, 120] 8646911284551352320
[0, 0, 0, 0, 0, 0, 0, 121] 8718968878589280256
[0, 0, 0, 0, 0, 0, 0, 122] 8791026472627208192
[0, 0, 0, 0, 0, 0, 0, 123] 8863084066665136128
[0, 0, 0, 0, 0, 0, 0, 124] 8935141660703064064
[0, 0, 0, 0, 0, 0, 0, 125] 9007199254740992000
[0, 0, 0, 0, 0, 0, 0, 126] 9079256848778919936
[0, 0, 0, 0, 0, 0, 0, 127] 9151314442816847872
[0, 0, 0, 0, 0, 0, 0, 128] 9223372036854775808
[0, 0, 0, 0, 0, 0, 0, 129] 9295429630892703744
[0, 0, 0, 0, 0, 0, 0, 130] 9367487224930631680
[0, 0, 0, 0, 0, 0, 0, 131] 9439544818968559616
[0, 0, 0, 0, 0, 0, 0, 132] 9511602413006487552
[0, 0, 0, 0, 0, 0, 0, 133] 9583660007044415488
[0, 0, 0, 0, 0, 0, 0, 134] 9655717601082343424
[0, 0, 0, 0, 0, 0, 0, 135] 9727775195120271360
[0, 0, 0, 0, 0, 0, 0, 136] 9799832789158199296
[0, 0, 0, 0, 0, 0, 0, 137] 9871890383196127232
[0, 0, 0, 0, 0, 0, 0, 138] 9943947977234055168
[0, 0, 0, 0, 0, 0, 0, 139] 10016005571271983104
[0, 0, 0, 0, 0, 0, 0, 140] 10088063165309911040
[0, 0, 0, 0, 0, 0, 0, 141] 10160120759347838976
[0, 0, 0, 0, 0, 0, 0, 142] 10232178353385766912
[0, 0, 0, 0, 0, 0, 0, 143] 10304235947423694848
[0, 0, 0, 0, 0, 0, 0, 144] 10376293541461622784
[0, 0, 0, 0, 0, 0, 0, 145] 10448351135499550720
[0, 0, 0, 0, 0, 0, 0, 146] 10520408729537478656
[0, 0, 0, 0, 0, 0, 0, 147] 10592466323575406592
[0, 0, 0, 0, 0, 0, 0, 148] 10664523917613334528
[0, 0, 0, 0, 0, 0, 0, 149] 10736581511651262464
[0, 0, 0, 0, 0, 0, 0, 150] 10808639105689190400
[0, 0, 0, 0, 0, 0, 0, 151] 10880696699727118336
[0, 0, 0, 0, 0, 0, 0, 152] 10952754293765046272
[0, 0, 0, 0, 0, 0, 0, 153] 11024811887802974208
[0, 0, 0, 0, 0, 0, 0, 154] 11096869481840902144
[0, 0, 0, 0, 0, 0, 0, 155] 11168927075878830080
[0, 0, 0, 0, 0, 0, 0, 156] 11240984669916758016
[0, 0, 0, 0, 0, 0, 0, 157] 11313042263954685952
[0, 0, 0, 0, 0, 0, 0, 158] 11385099857992613888
[0, 0, 0, 0, 0, 0, 0, 159] 11457157452030541824
[0, 0, 0, 0, 0, 0, 0, 160] 11529215046068469760
[0, 0, 0, 0, 0, 0, 0, 161] 11601272640106397696
[0, 0, 0, 0, 0, 0, 0, 162] 11673330234144325632
[0, 0, 0, 0, 0, 0, 0, 163] 11745387828182253568
[0, 0, 0, 0, 0, 0, 0, 164] 11817445422220181504
[0, 0, 0, 0, 0, 0, 0, 165] 11889503016258109440
[0, 0, 0, 0, 0, 0, 0, 166] 11961560610296037376
[0, 0, 0, 0, 0, 0, 0, 167] 12033618204333965312
[0, 0, 0, 0, 0, 0, 0, 168] 12105675798371893248
[0, 0, 0, 0, 0, 0, 0, 169] 12177733392409821184
[0, 0, 0, 0, 0, 0, 0, 170] 12249790986447749120
[0, 0, 0, 0, 0, 0, 0, 171] 12321848580485677056
[0, 0, 0, 0, 0, 0, 0, 172] 12393906174523604992
[0, 0, 0, 0, 0, 0, 0, 173] 12465963768561532928
[0, 0, 0, 0, 0, 0, 0, 174] 12538021362599460864
[0, 0, 0, 0, 0, 0, 0, 175] 12610078956637388800
[0, 0, 0, 0, 0, 0, 0, 176] 12682136550675316736
[0, 0, 0, 0, 0, 0, 0, 177] 12754194144713244672
[0, 0, 0, 0, 0, 0, 0, 178] 12826251738751172608
[0, 0, 0, 0, 0, 0, 0, 179] 12898309332789100544
[0, 0, 0, 0, 0, 0, 0, 180] 12970366926827028480
[0, 0, 0, 0, 0, 0, 0, 181] 13042424520864956416
[0, 0, 0, 0, 0, 0, 0, 182] 13114482114902884352
[0, 0, 0, 0, 0, 0, 0, 183] 13186539708940812288
[0, 0, 0, 0, 0, 0, 0, 184] 13258597302978740224
[0, 0, 0, 0, 0, 0, 0, 185] 13330654897016668160
[0, 0, 0, 0, 0, 0, 0, 186] 13402712491054596096
[0, 0, 0, 0, 0, 0, 0, 187] 13474770085092524032
[0, 0, 0, 0, 0, 0, 0, 188] 13546827679130451968
[0, 0, 0, 0, 0, 0, 0, 189] 13618885273168379904
[0, 0, 0, 0, 0, 0, 0, 190] 13690942867206307840
[0, 0, 0, 0, 0, 0, 0, 191] 13763000461244235776
[0, 0, 0, 0, 0, 0, 0, 192] 13835058055282163712
[0, 0, 0, 0, 0, 0, 0, 193] 13907115649320091648
[0, 0, 0, 0, 0, 0, 0, 194] 13979173243358019584
[0, 0, 0, 0, 0, 0, 0, 195] 14051230837395947520
[0, 0, 0, 0, 0, 0, 0, 196] 14123288431433875456
[0, 0, 0, 0, 0, 0, 0, 197] 14195346025471803392
[0, 0, 0, 0, 0, 0, 0, 198] 14267403619509731328
[0, 0, 0, 0, 0, 0, 0, 199] 14339461213547659264
[0, 0, 0, 0, 0, 0, 0, 200] 14411518807585587200
[0, 0, 0, 0, 0, 0, 0, 201] 14483576401623515136
[0, 0, 0, 0, 0, 0, 0, 202] 14555633995661443072
[0, 0, 0, 0, 0, 0, 0, 203] 14627691589699371008
[0, 0, 0, 0, 0, 0, 0, 204] 14699749183737298944
[0, 0, 0, 0, 0, 0, 0, 205] 14771806777775226880
[0, 0, 0, 0, 0, 0, 0, 206] 14843864371813154816
[0, 0, 0, 0, 0, 0, 0, 207] 14915921965851082752
[0, 0, 0, 0, 0, 0, 0, 208] 14987979559889010688
[0, 0, 0, 0, 0, 0, 0, 209] 15060037153926938624
[0, 0, 0, 0, 0, 0, 0, 210] 15132094747964866560
[0, 0, 0, 0, 0, 0, 0, 211] 15204152342002794496
[0, 0, 0, 0, 0, 0, 0, 212] 15276209936040722432
[0, 0, 0, 0, 0, 0, 0, 213] 15348267530078650368
[0, 0, 0, 0, 0, 0, 0, 214] 15420325124116578304
[0, 0, 0, 0, 0, 0, 0, 215] 15492382718154506240
[0, 0, 0, 0, 0, 0, 0, 216] 15564440312192434176
[0, 0, 0, 0, 0, 0, 0, 217] 15636497906230362112
[0, 0, 0, 0, 0, 0, 0, 218] 15708555500268290048
[0, 0, 0, 0, 0, 0, 0, 219] 15780613094306217984
[0, 0, 0, 0, 0, 0, 0, 220] 15852670688344145920
[0, 0, 0, 0, 0, 0, 0, 221] 15924728282382073856
[0, 0, 0, 0, 0, 0, 0, 222] 15996785876420001792
[0, 0, 0, 0, 0, 0, 0, 223] 16068843470457929728
[0, 0, 0, 0, 0, 0, 0, 224] 16140901064495857664
[0, 0, 0, 0, 0, 0, 0, 225] 16212958658533785600
[0, 0, 0, 0, 0, 0, 0, 226] 16285016252571713536
[0, 0, 0, 0, 0, 0, 0, 227] 16357073846609641472
[0, 0, 0, 0, 0, 0, 0, 228] 16429131440647569408
[0, 0, 0, 0, 0, 0, 0, 229] 16501189034685497344
[0, 0, 0, 0, 0, 0, 0, 230] 16573246628723425280
[0, 0, 0, 0, 0, 0, 0, 231] 16645304222761353216
[0, 0, 0, 0, 0, 0, 0, 232] 16717361816799281152
[0, 0, 0, 0, 0, 0, 0, 233] 16789419410837209088
[0, 0, 0, 0, 0, 0, 0, 234] 16861477004875137024
[0, 0, 0, 0, 0, 0, 0, 235] 16933534598913064960
[0, 0, 0, 0, 0, 0, 0, 236] 17005592192950992896
[0, 0, 0, 0, 0, 0, 0, 237] 17077649786988920832
[0, 0, 0, 0, 0, 0, 0, 238] 17149707381026848768
[0, 0, 0, 0, 0, 0, 0, 239] 17221764975064776704
[0, 0, 0, 0, 0, 0, 0, 240] 17293822569102704640
[0, 0, 0, 0, 0, 0, 0, 241] 17365880163140632576
[0, 0, 0, 0, 0, 0, 0, 242] 17437937757178560512
[0, 0, 0, 0, 0, 0, 0, 243] 17509995351216488448
[0, 0, 0, 0, 0, 0, 0, 244] 17582052945254416384
[0, 0, 0, 0, 0, 0, 0, 245] 17654110539292344320
[0, 0, 0, 0, 0, 0, 0, 246] 17726168133330272256
[0, 0, 0, 0, 0, 0, 0, 247] 17798225727368200192
[0, 0, 0, 0, 0, 0, 0, 248] 17870283321406128128
[0, 0, 0, 0, 0, 0, 0, 249] 17942340915444056064
[0, 0, 0, 0, 0, 0, 0, 250] 18014398509481984000
[0, 0, 0, 0, 0, 0, 0, 251] 18086456103519911936
[0, 0, 0, 0, 0, 0, 0, 252] 18158513697557839872
[0, 0, 0, 0, 0, 0, 0, 253] 18230571291595767808
[0, 0, 0, 0, 0, 0, 0, 254] 18302628885633695744
[0, 0, 0, 0, 0, 0, 0, 255] 18374686479671623680
2040
((0, 1, 2, 3, 4, 5, 6), 23)
((0, 1, 2, 3, 4, 5, 7), 23)
((0, 1, 2, 3, 4, 5, 8), 23)
((0, 1, 2, 3, 4, 5, 9), 22)
((0, 1, 2, 3, 4, 5, 10), 23)
((0, 1, 2, 3, 4, 5, 11), 23)
((0, 1, 2, 3, 4, 5, 12), 23)
((0, 1, 2, 3, 4, 5, 13), 22)
((0, 1, 2, 3, 4, 5, 14), 22)
((0, 1, 2, 3, 4, 5, 15), 23)
((0, 1, 2, 3, 4, 6, 7), 23)
((0, 1, 2, 3, 4, 6, 8), 23)
((0, 1, 2, 3, 4, 6, 9), 23)
((0, 1, 2, 3, 4, 6, 10), 23)
((0, 1, 2, 3, 4, 6, 11), 23)
((0, 1, 2, 3, 4, 6, 12), 23)
((0, 1, 2, 3, 4, 6, 13), 22)
((0, 1, 2, 3, 4, 6, 14), 23)
((0, 1, 2, 3, 4, 6, 15), 24)
((0, 1, 2, 3, 4, 7, 8), 23)
((0, 1, 2, 3, 4, 7, 9), 22)
((0, 1, 2, 3, 4, 7, 10), 23)
((0, 1, 2, 3, 4, 7, 11), 23)
((0, 1, 2, 3, 4, 7, 12), 23)
((0, 1, 2, 3, 4, 7, 13), 23)
((0, 1, 2, 3, 4, 7, 14), 23)
((0, 1, 2, 3, 4, 7, 15), 23)
((0, 1, 2, 3, 4, 8, 9), 23)
((0, 1, 2, 3, 4, 8, 10), 23)
((0, 1, 2, 3, 4, 8, 11), 23)
((0, 1, 2, 3, 4, 8, 12), 23)
((0, 1, 2, 3, 4, 8, 13), 23)
((0, 1, 2, 3, 4, 8, 14), 23)
((0, 1, 2, 3, 4, 8, 15), 23)
((0, 1, 2, 3, 4, 9, 10), 23)
((0, 1, 2, 3, 4, 9, 11), 23)
((0, 1, 2, 3, 4, 9, 12), 22)
((0, 1, 2, 3, 4, 9, 13), 23)
((0, 1, 2, 3, 4, 9, 14), 24)
((0, 1, 2, 3, 4, 9, 15), 23)
((0, 1, 2, 3, 4, 10, 11), 24)
((0, 1, 2, 3, 4, 10, 12), 23)
((0, 1, 2, 3, 4, 10, 13), 23)
((0, 1, 2, 3, 4, 10, 14), 23)
((0, 1, 2, 3, 4, 10, 15), 23)
((0, 1, 2, 3, 4, 11, 12), 23)
((0, 1, 2, 3, 4, 11, 13), 23)
((0, 1, 2, 3, 4, 11, 14), 23)
((0, 1, 2, 3, 4, 11, 15), 23)
((0, 1, 2, 3, 4, 12, 13), 23)
((0, 1, 2, 3, 4, 12, 14), 23)
((0, 1, 2, 3, 4, 12, 15), 23)
((0, 1, 2, 3, 4, 13, 14), 23)
((0, 1, 2, 3, 4, 13, 15), 23)
((0, 1, 2, 3, 4, 14, 15), 23)
((0, 1, 2, 3, 5, 6, 7), 23)
((0, 1, 2, 3, 5, 6, 8), 22)
((0, 1, 2, 3, 5, 6, 9), 23)
((0, 1, 2, 3, 5, 6, 10), 22)
((0, 1, 2, 3, 5, 6, 11), 23)
((0, 1, 2, 3, 5, 6, 12), 22)
((0, 1, 2, 3, 5, 6, 13), 23)
((0, 1, 2, 3, 5, 6, 14), 22)
((0, 1, 2, 3, 5, 6, 15), 23)
((0, 1, 2, 3, 5, 7, 8), 23)
((0, 1, 2, 3, 5, 7, 9), 23)
((0, 1, 2, 3, 5, 7, 10), 23)
((0, 1, 2, 3, 5, 7, 11), 23)
((0, 1, 2, 3, 5, 7, 12), 23)
((0, 1, 2, 3, 5, 7, 13), 23)
((0, 1, 2, 3, 5, 7, 14), 23)
((0, 1, 2, 3, 5, 7, 15), 23)
((0, 1, 2, 3, 5, 8, 9), 22)
((0, 1, 2, 3, 5, 8, 10), 23)
((0, 1, 2, 3, 5, 8, 11), 23)
((0, 1, 2, 3, 5, 8, 12), 23)
((0, 1, 2, 3, 5, 8, 13), 23)
((0, 1, 2, 3, 5, 8, 14), 23)
((0, 1, 2, 3, 5, 8, 15), 23)
((0, 1, 2, 3, 5, 9, 10), 23)
((0, 1, 2, 3, 5, 9, 11), 23)
((0, 1, 2, 3, 5, 9, 12), 23)
((0, 1, 2, 3, 5, 9, 13), 23)
((0, 1, 2, 3, 5, 9, 14), 22)
((0, 1, 2, 3, 5, 9, 15), 23)
((0, 1, 2, 3, 5, 10, 11), 23)
((0, 1, 2, 3, 5, 10, 12), 23)
((0, 1, 2, 3, 5, 10, 13), 23)
((0, 1, 2, 3, 5, 10, 14), 23)
((0, 1, 2, 3, 5, 10, 15), 23)
((0, 1, 2, 3, 5, 11, 12), 23)
((0, 1, 2, 3, 5, 11, 13), 23)
((0, 1, 2, 3, 5, 11, 14), 23)
((0, 1, 2, 3, 5, 11, 15), 23)
((0, 1, 2, 3, 5, 12, 13), 23)
((0, 1, 2, 3, 5, 12, 14), 23)
((0, 1, 2, 3, 5, 12, 15), 23)
((0, 1, 2, 3, 5, 13, 14), 23)
((0, 1, 2, 3, 5, 13, 15), 23)
((0, 1, 2, 3, 5, 14, 15), 23)
((0, 1, 2, 3, 6, 7, 8), 23)
((0, 1, 2, 3, 6, 7, 9), 23)
((0, 1, 2, 3, 6, 7, 10), 23)
((0, 1, 2, 3, 6, 7, 11), 23)
((0, 1, 2, 3, 6, 7, 12), 23)
((0, 1, 2, 3, 6, 7, 13), 23)
((0, 1, 2, 3, 6, 7, 14), 23)
((0, 1, 2, 3, 6, 7, 15), 23)
((0, 1, 2, 3, 6, 8, 9), 23)
((0, 1, 2, 3, 6, 8, 10), 23)
((0, 1, 2, 3, 6, 8, 11), 23)
((0, 1, 2, 3, 6, 8, 12), 23)
((0, 1, 2, 3, 6, 8, 13), 23)
((0, 1, 2, 3, 6, 8, 14), 23)
((0, 1, 2, 3, 6, 8, 15), 23)
((0, 1, 2, 3, 6, 9, 10), 23)
((0, 1, 2, 3, 6, 9, 11), 23)
((0, 1, 2, 3, 6, 9, 12), 23)
((0, 1, 2, 3, 6, 9, 13), 23)
((0, 1, 2, 3, 6, 9, 14), 23)
((0, 1, 2, 3, 6, 9, 15), 23)
((0, 1, 2, 3, 6, 10, 11), 23)
((0, 1, 2, 3, 6, 10, 12), 23)
((0, 1, 2, 3, 6, 10, 13), 23)
((0, 1, 2, 3, 6, 10, 14), 24)
((0, 1, 2, 3, 6, 10, 15), 23)
((0, 1, 2, 3, 6, 11, 12), 23)
((0, 1, 2, 3, 6, 11, 13), 23)
((0, 1, 2, 3, 6, 11, 14), 23)
((0, 1, 2, 3, 6, 11, 15), 23)
((0, 1, 2, 3, 6, 12, 13), 23)
((0, 1, 2, 3, 6, 12, 14), 23)
((0, 1, 2, 3, 6, 12, 15), 23)
((0, 1, 2, 3, 6, 13, 14), 23)
((0, 1, 2, 3, 6, 13, 15), 23)
((0, 1, 2, 3, 6, 14, 15), 23)
((0, 1, 2, 3, 7, 8, 9), 23)
((0, 1, 2, 3, 7, 8, 10), 23)
((0, 1, 2, 3, 7, 8, 11), 22)
((0, 1, 2, 3, 7, 8, 12), 23)
((0, 1, 2, 3, 7, 8, 13), 23)
((0, 1, 2, 3, 7, 8, 14), 23)
((0, 1, 2, 3, 7, 8, 15), 23)
((0, 1, 2, 3, 7, 9, 10), 23)
((0, 1, 2, 3, 7, 9, 11), 22)
((0, 1, 2, 3, 7, 9, 12), 23)
((0, 1, 2, 3, 7, 9, 13), 23)
((0, 1, 2, 3, 7, 9, 14), 23)
((0, 1, 2, 3, 7, 9, 15), 22)
((0, 1, 2, 3, 7, 10, 11), 23)
((0, 1, 2, 3, 7, 10, 12), 23)
((0, 1, 2, 3, 7, 10, 13), 23)
((0, 1, 2, 3, 7, 10, 14), 23)
((0, 1, 2, 3, 7, 10, 15), 22)
((0, 1, 2, 3, 7, 11, 12), 22)
((0, 1, 2, 3, 7, 11, 13), 24)
((0, 1, 2, 3, 7, 11, 14), 23)
((0, 1, 2, 3, 7, 11, 15), 23)
((0, 1, 2, 3, 7, 12, 13), 23)
((0, 1, 2, 3, 7, 12, 14), 23)
((0, 1, 2, 3, 7, 12, 15), 23)
((0, 1, 2, 3, 7, 13, 14), 23)
((0, 1, 2, 3, 7, 13, 15), 23)
((0, 1, 2, 3, 7, 14, 15), 22)
((0, 1, 2, 3, 8, 9, 10), 23)
((0, 1, 2, 3, 8, 9, 11), 23)
((0, 1, 2, 3, 8, 9, 12), 23)
((0, 1, 2, 3, 8, 9, 13), 23)
((0, 1, 2, 3, 8, 9, 14), 23)
((0, 1, 2, 3, 8, 9, 15), 23)
((0, 1, 2, 3, 8, 10, 11), 23)
((0, 1, 2, 3, 8, 10, 12), 23)
((0, 1, 2, 3, 8, 10, 13), 23)
((0, 1, 2, 3, 8, 10, 14), 23)
((0, 1, 2, 3, 8, 10, 15), 24)
((0, 1, 2, 3, 8, 11, 12), 23)
((0, 1, 2, 3, 8, 11, 13), 23)
((0, 1, 2, 3, 8, 11, 14), 23)
((0, 1, 2, 3, 8, 11, 15), 23)
((0, 1, 2, 3, 8, 12, 13), 23)
((0, 1, 2, 3, 8, 12, 14), 23)
((0, 1, 2, 3, 8, 12, 15), 23)
((0, 1, 2, 3, 8, 13, 14), 23)
((0, 1, 2, 3, 8, 13, 15), 23)
((0, 1, 2, 3, 8, 14, 15), 23)
((0, 1, 2, 3, 9, 10, 11), 23)
((0, 1, 2, 3, 9, 10, 12), 23)
((0, 1, 2, 3, 9, 10, 13), 22)
((0, 1, 2, 3, 9, 10, 14), 23)
((0, 1, 2, 3, 9, 10, 15), 23)
((0, 1, 2, 3, 9, 11, 12), 23)
((0, 1, 2, 3, 9, 11, 13), 23)
((0, 1, 2, 3, 9, 11, 14), 23)
((0, 1, 2, 3, 9, 11, 15), 23)
((0, 1, 2, 3, 9, 12, 13), 22)
((0, 1, 2, 3, 9, 12, 14), 23)
((0, 1, 2, 3, 9, 12, 15), 22)
((0, 1, 2, 3, 9, 13, 14), 23)
((0, 1, 2, 3, 9, 13, 15), 22)
((0, 1, 2, 3, 9, 14, 15), 23)
((0, 1, 2, 3, 10, 11, 12), 23)
((0, 1, 2, 3, 10, 11, 13), 23)
((0, 1, 2, 3, 10, 11, 14), 23)
((0, 1, 2, 3, 10, 11, 15), 23)
((0, 1, 2, 3, 10, 12, 13), 22)
((0, 1, 2, 3, 10, 12, 14), 23)
((0, 1, 2, 3, 10, 12, 15), 24)
((0, 1, 2, 3, 10, 13, 14), 23)
((0, 1, 2, 3, 10, 13, 15), 23)
((0, 1, 2, 3, 10, 14, 15), 23)
((0, 1, 2, 3, 11, 12, 13), 23)
((0, 1, 2, 3, 11, 12, 14), 23)
((0, 1, 2, 3, 11, 12, 15), 23)
((0, 1, 2, 3, 11, 13, 14), 22)
((0, 1, 2, 3, 11, 13, 15), 23)
((0, 1, 2, 3, 11, 14, 15), 23)
((0, 1, 2, 3, 12, 13, 14), 22)
((0, 1, 2, 3, 12, 13, 15), 23)
((0, 1, 2, 3, 12, 14, 15), 23)
((0, 1, 2, 3, 13, 14, 15), 23)
((1, 0, 2, 3, 4, 5, 6), 23)
((1, 0, 2, 3, 4, 5, 7), 23)
((1, 0, 2, 3, 4, 5, 8), 23)
((1, 0, 2, 3, 4, 5, 9), 23)
((1, 0, 2, 3, 4, 5, 10), 23)
((1, 0, 2, 3, 4, 5, 11), 23)
((1, 0, 2, 3, 4, 5, 12), 23)
((1, 0, 2, 3, 4, 5, 13), 23)
((1, 0, 2, 3, 4, 5, 14), 23)
((1, 0, 2, 3, 4, 5, 15), 23)
((1, 0, 2, 3, 4, 6, 7), 23)
((1, 0, 2, 3, 4, 6, 8), 23)
((1, 0, 2, 3, 4, 6, 9), 23)
((1, 0, 2, 3, 4, 6, 10), 22)
((1, 0, 2, 3, 4, 6, 11), 23)
((1, 0, 2, 3, 4, 6, 12), 23)
((1, 0, 2, 3, 4, 6, 13), 22)
((1, 0, 2, 3, 4, 6, 14), 23)
((1, 0, 2, 3, 4, 6, 15), 23)
((1, 0, 2, 3, 4, 7, 8), 23)
((1, 0, 2, 3, 4, 7, 9), 23)
((1, 0, 2, 3, 4, 7, 10), 23)
((1, 0, 2, 3, 4, 7, 11), 23)
((1, 0, 2, 3, 4, 7, 12), 23)
((1, 0, 2, 3, 4, 7, 13), 23)
((1, 0, 2, 3, 4, 7, 14), 23)
((1, 0, 2, 3, 4, 7, 15), 23)
((1, 0, 2, 3, 4, 8, 9), 23)
((1, 0, 2, 3, 4, 8, 10), 23)
((1, 0, 2, 3, 4, 8, 11), 23)
((1, 0, 2, 3, 4, 8, 12), 23)
((1, 0, 2, 3, 4, 8, 13), 23)
((1, 0, 2, 3, 4, 8, 14), 23)
((1, 0, 2, 3, 4, 8, 15), 23)
((1, 0, 2, 3, 4, 9, 10), 23)
((1, 0, 2, 3, 4, 9, 11), 23)
((1, 0, 2, 3, 4, 9, 12), 22)
((1, 0, 2, 3, 4, 9, 13), 23)
((1, 0, 2, 3, 4, 9, 14), 23)
((1, 0, 2, 3, 4, 9, 15), 23)
((1, 0, 2, 3, 4, 10, 11), 23)
((1, 0, 2, 3, 4, 10, 12), 23)
((1, 0, 2, 3, 4, 10, 13), 23)
((1, 0, 2, 3, 4, 10, 14), 23)
((1, 0, 2, 3, 4, 10, 15), 23)
((1, 0, 2, 3, 4, 11, 12), 23)
((1, 0, 2, 3, 4, 11, 13), 23)
((1, 0, 2, 3, 4, 11, 14), 22)
((1, 0, 2, 3, 4, 11, 15), 23)
((1, 0, 2, 3, 4, 12, 13), 24)
((1, 0, 2, 3, 4, 12, 14), 23)
((1, 0, 2, 3, 4, 12, 15), 23)
((1, 0, 2, 3, 4, 13, 14), 22)
((1, 0, 2, 3, 4, 13, 15), 23)
((1, 0, 2, 3, 4, 14, 15), 23)
((1, 0, 2, 3, 5, 6, 7), 23)
((1, 0, 2, 3, 5, 6, 8), 23)
((1, 0, 2, 3, 5, 6, 9), 23)
((1, 0, 2, 3, 5, 6, 10), 23)
((1, 0, 2, 3, 5, 6, 11), 23)
((1, 0, 2, 3, 5, 6, 12), 23)
((1, 0, 2, 3, 5, 6, 13), 22)
((1, 0, 2, 3, 5, 6, 14), 23)
((1, 0, 2, 3, 5, 6, 15), 23)
((1, 0, 2, 3, 5, 7, 8), 22)
((1, 0, 2, 3, 5, 7, 9), 22)
((1, 0, 2, 3, 5, 7, 10), 22)
((1, 0, 2, 3, 5, 7, 11), 23)
((1, 0, 2, 3, 5, 7, 12), 23)
((1, 0, 2, 3, 5, 7, 13), 22)
((1, 0, 2, 3, 5, 7, 14), 23)
((1, 0, 2, 3, 5, 7, 15), 23)
((1, 0, 2, 3, 5, 8, 9), 23)
((1, 0, 2, 3, 5, 8, 10), 23)
((1, 0, 2, 3, 5, 8, 11), 23)
((1, 0, 2, 3, 5, 8, 12), 23)
((1, 0, 2, 3, 5, 8, 13), 23)
((1, 0, 2, 3, 5, 8, 14), 23)
((1, 0, 2, 3, 5, 8, 15), 24)
((1, 0, 2, 3, 5, 9, 10), 23)
((1, 0, 2, 3, 5, 9, 11), 23)
((1, 0, 2, 3, 5, 9, 12), 23)
((1, 0, 2, 3, 5, 9, 13), 23)
((1, 0, 2, 3, 5, 9, 14), 23)
((1, 0, 2, 3, 5, 9, 15), 23)
((1, 0, 2, 3, 5, 10, 11), 23)
((1, 0, 2, 3, 5, 10, 12), 23)
((1, 0, 2, 3, 5, 10, 13), 23)
((1, 0, 2, 3, 5, 10, 14), 23)
((1, 0, 2, 3, 5, 10, 15), 22)
((1, 0, 2, 3, 5, 11, 12), 23)
((1, 0, 2, 3, 5, 11, 13), 23)
((1, 0, 2, 3, 5, 11, 14), 23)
((1, 0, 2, 3, 5, 11, 15), 23)
((1, 0, 2, 3, 5, 12, 13), 23)
((1, 0, 2, 3, 5, 12, 14), 23)
((1, 0, 2, 3, 5, 12, 15), 23)
((1, 0, 2, 3, 5, 13, 14), 23)
((1, 0, 2, 3, 5, 13, 15), 23)
((1, 0, 2, 3, 5, 14, 15), 23)
((1, 0, 2, 3, 6, 7, 8), 22)
((1, 0, 2, 3, 6, 7, 9), 23)
((1, 0, 2, 3, 6, 7, 10), 23)
((1, 0, 2, 3, 6, 7, 11), 23)
((1, 0, 2, 3, 6, 7, 12), 23)
((1, 0, 2, 3, 6, 7, 13), 22)
((1, 0, 2, 3, 6, 7, 14), 23)
((1, 0, 2, 3, 6, 7, 15), 23)
((1, 0, 2, 3, 6, 8, 9), 22)
((1, 0, 2, 3, 6, 8, 10), 23)
((1, 0, 2, 3, 6, 8, 11), 23)
((1, 0, 2, 3, 6, 8, 12), 23)
((1, 0, 2, 3, 6, 8, 13), 23)
((1, 0, 2, 3, 6, 8, 14), 23)
((1, 0, 2, 3, 6, 8, 15), 23)
((1, 0, 2, 3, 6, 9, 10), 23)
((1, 0, 2, 3, 6, 9, 11), 23)
((1, 0, 2, 3, 6, 9, 12), 23)
((1, 0, 2, 3, 6, 9, 13), 22)
((1, 0, 2, 3, 6, 9, 14), 23)
((1, 0, 2, 3, 6, 9, 15), 23)
((1, 0, 2, 3, 6, 10, 11), 23)
((1, 0, 2, 3, 6, 10, 12), 23)
((1, 0, 2, 3, 6, 10, 13), 23)
((1, 0, 2, 3, 6, 10, 14), 23)
((1, 0, 2, 3, 6, 10, 15), 22)
((1, 0, 2, 3, 6, 11, 12), 23)
((1, 0, 2, 3, 6, 11, 13), 24)
((1, 0, 2, 3, 6, 11, 14), 23)
((1, 0, 2, 3, 6, 11, 15), 23)
((1, 0, 2, 3, 6, 12, 13), 23)
((1, 0, 2, 3, 6, 12, 14), 23)
((1, 0, 2, 3, 6, 12, 15), 22)
((1, 0, 2, 3, 6, 13, 14), 23)
((1, 0, 2, 3, 6, 13, 15), 23)
((1, 0, 2, 3, 6, 14, 15), 23)
((1, 0, 2, 3, 7, 8, 9), 22)
((1, 0, 2, 3, 7, 8, 10), 23)
((1, 0, 2, 3, 7, 8, 11), 23)
((1, 0, 2, 3, 7, 8, 12), 23)
((1, 0, 2, 3, 7, 8, 13), 23)
((1, 0, 2, 3, 7, 8, 14), 22)
((1, 0, 2, 3, 7, 8, 15), 23)
((1, 0, 2, 3, 7, 9, 10), 23)
((1, 0, 2, 3, 7, 9, 11), 23)
((1, 0, 2, 3, 7, 9, 12), 23)
((1, 0, 2, 3, 7, 9, 13), 23)
((1, 0, 2, 3, 7, 9, 14), 23)
((1, 0, 2, 3, 7, 9, 15), 23)
((1, 0, 2, 3, 7, 10, 11), 23)
((1, 0, 2, 3, 7, 10, 12), 23)
((1, 0, 2, 3, 7, 10, 13), 23)
((1, 0, 2, 3, 7, 10, 14), 23)
((1, 0, 2, 3, 7, 10, 15), 23)
((1, 0, 2, 3, 7, 11, 12), 23)
((1, 0, 2, 3, 7, 11, 13), 23)
((1, 0, 2, 3, 7, 11, 14), 23)
((1, 0, 2, 3, 7, 11, 15), 23)
((1, 0, 2, 3, 7, 12, 13), 22)
((1, 0, 2, 3, 7, 12, 14), 23)
((1, 0, 2, 3, 7, 12, 15), 23)
((1, 0, 2, 3, 7, 13, 14), 23)
((1, 0, 2, 3, 7, 13, 15), 23)
((1, 0, 2, 3, 7, 14, 15), 23)
((1, 0, 2, 3, 8, 9, 10), 23)
((1, 0, 2, 3, 8, 9, 11), 23)
((1, 0, 2, 3, 8, 9, 12), 23)
((1, 0, 2, 3, 8, 9, 13), 23)
((1, 0, 2, 3, 8, 9, 14), 23)
((1, 0, 2, 3, 8, 9, 15), 23)
((1, 0, 2, 3, 8, 10, 11), 23)
((1, 0, 2, 3, 8, 10, 12), 23)
((1, 0, 2, 3, 8, 10, 13), 23)
((1, 0, 2, 3, 8, 10, 14), 23)
((1, 0, 2, 3, 8, 10, 15), 23)
((1, 0, 2, 3, 8, 11, 12), 23)
((1, 0, 2, 3, 8, 11, 13), 23)
((1, 0, 2, 3, 8, 11, 14), 22)
((1, 0, 2, 3, 8, 11, 15), 23)
((1, 0, 2, 3, 8, 12, 13), 23)
((1, 0, 2, 3, 8, 12, 14), 22)
((1, 0, 2, 3, 8, 12, 15), 23)
((1, 0, 2, 3, 8, 13, 14), 22)
((1, 0, 2, 3, 8, 13, 15), 23)
((1, 0, 2, 3, 8, 14, 15), 23)
((1, 0, 2, 3, 9, 10, 11), 23)
((1, 0, 2, 3, 9, 10, 12), 23)
((1, 0, 2, 3, 9, 10, 13), 24)
((1, 0, 2, 3, 9, 10, 14), 23)
((1, 0, 2, 3, 9, 10, 15), 23)
((1, 0, 2, 3, 9, 11, 12), 23)
((1, 0, 2, 3, 9, 11, 13), 23)
((1, 0, 2, 3, 9, 11, 14), 23)
((1, 0, 2, 3, 9, 11, 15), 23)
((1, 0, 2, 3, 9, 12, 13), 23)
((1, 0, 2, 3, 9, 12, 14), 23)
((1, 0, 2, 3, 9, 12, 15), 23)
((1, 0, 2, 3, 9, 13, 14), 23)
((1, 0, 2, 3, 9, 13, 15), 23)
((1, 0, 2, 3, 9, 14, 15), 23)
((1, 0, 2, 3, 10, 11, 12), 22)
((1, 0, 2, 3, 10, 11, 13), 23)
((1, 0, 2, 3, 10, 11, 14), 22)
((1, 0, 2, 3, 10, 11, 15), 23)
((1, 0, 2, 3, 10, 12, 13), 23)
((1, 0, 2, 3, 10, 12, 14), 23)
((1, 0, 2, 3, 10, 12, 15), 24)
((1, 0, 2, 3, 10, 13, 14), 23)
((1, 0, 2, 3, 10, 13, 15), 23)
((1, 0, 2, 3, 10, 14, 15), 23)
((1, 0, 2, 3, 11, 12, 13), 23)
((1, 0, 2, 3, 11, 12, 14), 23)
((1, 0, 2, 3, 11, 12, 15), 22)
((1, 0, 2, 3, 11, 13, 14), 23)
((1, 0, 2, 3, 11, 13, 15), 23)
((1, 0, 2, 3, 11, 14, 15), 23)
((1, 0, 2, 3, 12, 13, 14), 23)
((1, 0, 2, 3, 12, 13, 15), 22)
((1, 0, 2, 3, 12, 14, 15), 23)
((1, 0, 2, 3, 13, 14, 15), 23)
((2, 0, 1, 3, 4, 5, 6), 23)
((2, 0, 1, 3, 4, 5, 7), 23)
((2, 0, 1, 3, 4, 5, 8), 22)
((2, 0, 1, 3, 4, 5, 9), 23)
((2, 0, 1, 3, 4, 5, 10), 22)
((2, 0, 1, 3, 4, 5, 11), 23)
((2, 0, 1, 3, 4, 5, 12), 23)
((2, 0, 1, 3, 4, 5, 13), 23)
((2, 0, 1, 3, 4, 5, 14), 23)
((2, 0, 1, 3, 4, 5, 15), 23)
((2, 0, 1, 3, 4, 6, 7), 23)
((2, 0, 1, 3, 4, 6, 8), 23)
((2, 0, 1, 3, 4, 6, 9), 23)
((2, 0, 1, 3, 4, 6, 10), 23)
((2, 0, 1, 3, 4, 6, 11), 22)
((2, 0, 1, 3, 4, 6, 12), 23)
((2, 0, 1, 3, 4, 6, 13), 23)
((2, 0, 1, 3, 4, 6, 14), 24)
((2, 0, 1, 3, 4, 6, 15), 23)
((2, 0, 1, 3, 4, 7, 8), 23)
((2, 0, 1, 3, 4, 7, 9), 23)
((2, 0, 1, 3, 4, 7, 10), 23)
((2, 0, 1, 3, 4, 7, 11), 23)
((2, 0, 1, 3, 4, 7, 12), 21)
((2, 0, 1, 3, 4, 7, 13), 23)
((2, 0, 1, 3, 4, 7, 14), 23)
((2, 0, 1, 3, 4, 7, 15), 24)
((2, 0, 1, 3, 4, 8, 9), 22)
((2, 0, 1, 3, 4, 8, 10), 23)
((2, 0, 1, 3, 4, 8, 11), 23)
((2, 0, 1, 3, 4, 8, 12), 23)
((2, 0, 1, 3, 4, 8, 13), 23)
((2, 0, 1, 3, 4, 8, 14), 23)
((2, 0, 1, 3, 4, 8, 15), 24)
((2, 0, 1, 3, 4, 9, 10), 23)
((2, 0, 1, 3, 4, 9, 11), 23)
((2, 0, 1, 3, 4, 9, 12), 22)
((2, 0, 1, 3, 4, 9, 13), 23)
((2, 0, 1, 3, 4, 9, 14), 23)
((2, 0, 1, 3, 4, 9, 15), 23)
((2, 0, 1, 3, 4, 10, 11), 23)
((2, 0, 1, 3, 4, 10, 12), 23)
((2, 0, 1, 3, 4, 10, 13), 23)
((2, 0, 1, 3, 4, 10, 14), 23)
((2, 0, 1, 3, 4, 10, 15), 23)
((2, 0, 1, 3, 4, 11, 12), 23)
((2, 0, 1, 3, 4, 11, 13), 23)
((2, 0, 1, 3, 4, 11, 14), 23)
((2, 0, 1, 3, 4, 11, 15), 23)
((2, 0, 1, 3, 4, 12, 13), 23)
((2, 0, 1, 3, 4, 12, 14), 23)
((2, 0, 1, 3, 4, 12, 15), 23)
((2, 0, 1, 3, 4, 13, 14), 22)
((2, 0, 1, 3, 4, 13, 15), 23)
((2, 0, 1, 3, 4, 14, 15), 23)
((2, 0, 1, 3, 5, 6, 7), 23)
((2, 0, 1, 3, 5, 6, 8), 23)
((2, 0, 1, 3, 5, 6, 9), 23)
((2, 0, 1, 3, 5, 6, 10), 23)
((2, 0, 1, 3, 5, 6, 11), 23)
((2, 0, 1, 3, 5, 6, 12), 23)
((2, 0, 1, 3, 5, 6, 13), 22)
((2, 0, 1, 3, 5, 6, 14), 23)
((2, 0, 1, 3, 5, 6, 15), 24)
((2, 0, 1, 3, 5, 7, 8), 23)
((2, 0, 1, 3, 5, 7, 9), 23)
((2, 0, 1, 3, 5, 7, 10), 23)
((2, 0, 1, 3, 5, 7, 11), 23)
((2, 0, 1, 3, 5, 7, 12), 23)
((2, 0, 1, 3, 5, 7, 13), 23)
((2, 0, 1, 3, 5, 7, 14), 23)
((2, 0, 1, 3, 5, 7, 15), 23)
((2, 0, 1, 3, 5, 8, 9), 23)
((2, 0, 1, 3, 5, 8, 10), 23)
((2, 0, 1, 3, 5, 8, 11), 23)
((2, 0, 1, 3, 5, 8, 12), 23)
((2, 0, 1, 3, 5, 8, 13), 23)
((2, 0, 1, 3, 5, 8, 14), 23)
((2, 0, 1, 3, 5, 8, 15), 23)
((2, 0, 1, 3, 5, 9, 10), 23)
((2, 0, 1, 3, 5, 9, 11), 23)
((2, 0, 1, 3, 5, 9, 12), 23)
((2, 0, 1, 3, 5, 9, 13), 23)
((2, 0, 1, 3, 5, 9, 14), 23)
((2, 0, 1, 3, 5, 9, 15), 23)
((2, 0, 1, 3, 5, 10, 11), 23)
((2, 0, 1, 3, 5, 10, 12), 23)
((2, 0, 1, 3, 5, 10, 13), 23)
((2, 0, 1, 3, 5, 10, 14), 23)
((2, 0, 1, 3, 5, 10, 15), 22)
((2, 0, 1, 3, 5, 11, 12), 23)
((2, 0, 1, 3, 5, 11, 13), 23)
((2, 0, 1, 3, 5, 11, 14), 21)
((2, 0, 1, 3, 5, 11, 15), 24)
((2, 0, 1, 3, 5, 12, 13), 23)
((2, 0, 1, 3, 5, 12, 14), 23)
((2, 0, 1, 3, 5, 12, 15), 22)
((2, 0, 1, 3, 5, 13, 14), 23)
((2, 0, 1, 3, 5, 13, 15), 23)
((2, 0, 1, 3, 5, 14, 15), 22)
((2, 0, 1, 3, 6, 7, 8), 23)
((2, 0, 1, 3, 6, 7, 9), 22)
((2, 0, 1, 3, 6, 7, 10), 23)
((2, 0, 1, 3, 6, 7, 11), 23)
((2, 0, 1, 3, 6, 7, 12), 23)
((2, 0, 1, 3, 6, 7, 13), 23)
((2, 0, 1, 3, 6, 7, 14), 23)
((2, 0, 1, 3, 6, 7, 15), 23)
((2, 0, 1, 3, 6, 8, 9), 23)
((2, 0, 1, 3, 6, 8, 10), 23)
((2, 0, 1, 3, 6, 8, 11), 23)
((2, 0, 1, 3, 6, 8, 12), 22)
((2, 0, 1, 3, 6, 8, 13), 23)
((2, 0, 1, 3, 6, 8, 14), 23)
((2, 0, 1, 3, 6, 8, 15), 23)
((2, 0, 1, 3, 6, 9, 10), 23)
((2, 0, 1, 3, 6, 9, 11), 23)
((2, 0, 1, 3, 6, 9, 12), 23)
((2, 0, 1, 3, 6, 9, 13), 22)
((2, 0, 1, 3, 6, 9, 14), 23)
((2, 0, 1, 3, 6, 9, 15), 23)
((2, 0, 1, 3, 6, 10, 11), 23)
((2, 0, 1, 3, 6, 10, 12), 23)
((2, 0, 1, 3, 6, 10, 13), 23)
((2, 0, 1, 3, 6, 10, 14), 23)
((2, 0, 1, 3, 6, 10, 15), 23)
((2, 0, 1, 3, 6, 11, 12), 23)
((2, 0, 1, 3, 6, 11, 13), 23)
((2, 0, 1, 3, 6, 11, 14), 23)
((2, 0, 1, 3, 6, 11, 15), 23)
((2, 0, 1, 3, 6, 12, 13), 23)
((2, 0, 1, 3, 6, 12, 14), 23)
((2, 0, 1, 3, 6, 12, 15), 23)
((2, 0, 1, 3, 6, 13, 14), 23)
((2, 0, 1, 3, 6, 13, 15), 22)
((2, 0, 1, 3, 6, 14, 15), 22)
((2, 0, 1, 3, 7, 8, 9), 23)
((2, 0, 1, 3, 7, 8, 10), 23)
((2, 0, 1, 3, 7, 8, 11), 23)
((2, 0, 1, 3, 7, 8, 12), 23)
((2, 0, 1, 3, 7, 8, 13), 23)
((2, 0, 1, 3, 7, 8, 14), 23)
((2, 0, 1, 3, 7, 8, 15), 23)
((2, 0, 1, 3, 7, 9, 10), 23)
((2, 0, 1, 3, 7, 9, 11), 23)
((2, 0, 1, 3, 7, 9, 12), 23)
((2, 0, 1, 3, 7, 9, 13), 23)
((2, 0, 1, 3, 7, 9, 14), 24)
((2, 0, 1, 3, 7, 9, 15), 23)
((2, 0, 1, 3, 7, 10, 11), 23)
((2, 0, 1, 3, 7, 10, 12), 23)
((2, 0, 1, 3, 7, 10, 13), 23)
((2, 0, 1, 3, 7, 10, 14), 23)
((2, 0, 1, 3, 7, 10, 15), 23)
((2, 0, 1, 3, 7, 11, 12), 22)
((2, 0, 1, 3, 7, 11, 13), 23)
((2, 0, 1, 3, 7, 11, 14), 23)
((2, 0, 1, 3, 7, 11, 15), 23)
((2, 0, 1, 3, 7, 12, 13), 23)
((2, 0, 1, 3, 7, 12, 14), 23)
((2, 0, 1, 3, 7, 12, 15), 23)
((2, 0, 1, 3, 7, 13, 14), 23)
((2, 0, 1, 3, 7, 13, 15), 23)
((2, 0, 1, 3, 7, 14, 15), 23)
((2, 0, 1, 3, 8, 9, 10), 23)
((2, 0, 1, 3, 8, 9, 11), 23)
((2, 0, 1, 3, 8, 9, 12), 22)
((2, 0, 1, 3, 8, 9, 13), 23)
((2, 0, 1, 3, 8, 9, 14), 23)
((2, 0, 1, 3, 8, 9, 15), 23)
((2, 0, 1, 3, 8, 10, 11), 23)
((2, 0, 1, 3, 8, 10, 12), 23)
((2, 0, 1, 3, 8, 10, 13), 23)
((2, 0, 1, 3, 8, 10, 14), 22)
((2, 0, 1, 3, 8, 10, 15), 23)
((2, 0, 1, 3, 8, 11, 12), 22)
((2, 0, 1, 3, 8, 11, 13), 23)
((2, 0, 1, 3, 8, 11, 14), 23)
((2, 0, 1, 3, 8, 11, 15), 23)
((2, 0, 1, 3, 8, 12, 13), 24)
((2, 0, 1, 3, 8, 12, 14), 23)
((2, 0, 1, 3, 8, 12, 15), 23)
((2, 0, 1, 3, 8, 13, 14), 23)
((2, 0, 1, 3, 8, 13, 15), 23)
((2, 0, 1, 3, 8, 14, 15), 23)
((2, 0, 1, 3, 9, 10, 11), 23)
((2, 0, 1, 3, 9, 10, 12), 23)
((2, 0, 1, 3, 9, 10, 13), 24)
((2, 0, 1, 3, 9, 10, 14), 23)
((2, 0, 1, 3, 9, 10, 15), 23)
((2, 0, 1, 3, 9, 11, 12), 24)
((2, 0, 1, 3, 9, 11, 13), 23)
((2, 0, 1, 3, 9, 11, 14), 23)
((2, 0, 1, 3, 9, 11, 15), 23)
((2, 0, 1, 3, 9, 12, 13), 23)
((2, 0, 1, 3, 9, 12, 14), 23)
((2, 0, 1, 3, 9, 12, 15), 23)
((2, 0, 1, 3, 9, 13, 14), 23)
((2, 0, 1, 3, 9, 13, 15), 23)
((2, 0, 1, 3, 9, 14, 15), 23)
((2, 0, 1, 3, 10, 11, 12), 23)
((2, 0, 1, 3, 10, 11, 13), 23)
((2, 0, 1, 3, 10, 11, 14), 23)
((2, 0, 1, 3, 10, 11, 15), 23)
((2, 0, 1, 3, 10, 12, 13), 23)
((2, 0, 1, 3, 10, 12, 14), 22)
((2, 0, 1, 3, 10, 12, 15), 23)
((2, 0, 1, 3, 10, 13, 14), 23)
((2, 0, 1, 3, 10, 13, 15), 23)
((2, 0, 1, 3, 10, 14, 15), 22)
((2, 0, 1, 3, 11, 12, 13), 23)
((2, 0, 1, 3, 11, 12, 14), 23)
((2, 0, 1, 3, 11, 12, 15), 22)
((2, 0, 1, 3, 11, 13, 14), 23)
((2, 0, 1, 3, 11, 13, 15), 23)
((2, 0, 1, 3, 11, 14, 15), 23)
((2, 0, 1, 3, 12, 13, 14), 23)
((2, 0, 1, 3, 12, 13, 15), 23)
((2, 0, 1, 3, 12, 14, 15), 23)
((2, 0, 1, 3, 13, 14, 15), 23)
((3, 0, 1, 2, 4, 5, 6), 23)
((3, 0, 1, 2, 4, 5, 7), 23)
((3, 0, 1, 2, 4, 5, 8), 23)
((3, 0, 1, 2, 4, 5, 9), 23)
((3, 0, 1, 2, 4, 5, 10), 23)
((3, 0, 1, 2, 4, 5, 11), 22)
((3, 0, 1, 2, 4, 5, 12), 23)
((3, 0, 1, 2, 4, 5, 13), 23)
((3, 0, 1, 2, 4, 5, 14), 23)
((3, 0, 1, 2, 4, 5, 15), 23)
((3, 0, 1, 2, 4, 6, 7), 24)
((3, 0, 1, 2, 4, 6, 8), 23)
((3, 0, 1, 2, 4, 6, 9), 22)
((3, 0, 1, 2, 4, 6, 10), 23)
((3, 0, 1, 2, 4, 6, 11), 23)
((3, 0, 1, 2, 4, 6, 12), 22)
((3, 0, 1, 2, 4, 6, 13), 23)
((3, 0, 1, 2, 4, 6, 14), 22)
((3, 0, 1, 2, 4, 6, 15), 23)
((3, 0, 1, 2, 4, 7, 8), 22)
((3, 0, 1, 2, 4, 7, 9), 23)
((3, 0, 1, 2, 4, 7, 10), 23)
((3, 0, 1, 2, 4, 7, 11), 23)
((3, 0, 1, 2, 4, 7, 12), 23)
((3, 0, 1, 2, 4, 7, 13), 22)
((3, 0, 1, 2, 4, 7, 14), 23)
((3, 0, 1, 2, 4, 7, 15), 23)
((3, 0, 1, 2, 4, 8, 9), 23)
((3, 0, 1, 2, 4, 8, 10), 24)
((3, 0, 1, 2, 4, 8, 11), 23)
((3, 0, 1, 2, 4, 8, 12), 23)
((3, 0, 1, 2, 4, 8, 13), 23)
((3, 0, 1, 2, 4, 8, 14), 23)
((3, 0, 1, 2, 4, 8, 15), 23)
((3, 0, 1, 2, 4, 9, 10), 23)
((3, 0, 1, 2, 4, 9, 11), 23)
((3, 0, 1, 2, 4, 9, 12), 23)
((3, 0, 1, 2, 4, 9, 13), 23)
((3, 0, 1, 2, 4, 9, 14), 22)
((3, 0, 1, 2, 4, 9, 15), 22)
((3, 0, 1, 2, 4, 10, 11), 23)
((3, 0, 1, 2, 4, 10, 12), 23)
((3, 0, 1, 2, 4, 10, 13), 24)
((3, 0, 1, 2, 4, 10, 14), 23)
((3, 0, 1, 2, 4, 10, 15), 23)
((3, 0, 1, 2, 4, 11, 12), 23)
((3, 0, 1, 2, 4, 11, 13), 23)
((3, 0, 1, 2, 4, 11, 14), 23)
((3, 0, 1, 2, 4, 11, 15), 23)
((3, 0, 1, 2, 4, 12, 13), 23)
((3, 0, 1, 2, 4, 12, 14), 23)
((3, 0, 1, 2, 4, 12, 15), 23)
((3, 0, 1, 2, 4, 13, 14), 23)
((3, 0, 1, 2, 4, 13, 15), 23)
((3, 0, 1, 2, 4, 14, 15), 23)
((3, 0, 1, 2, 5, 6, 7), 23)
((3, 0, 1, 2, 5, 6, 8), 23)
((3, 0, 1, 2, 5, 6, 9), 23)
((3, 0, 1, 2, 5, 6, 10), 22)
((3, 0, 1, 2, 5, 6, 11), 23)
((3, 0, 1, 2, 5, 6, 12), 23)
((3, 0, 1, 2, 5, 6, 13), 23)
((3, 0, 1, 2, 5, 6, 14), 22)
((3, 0, 1, 2, 5, 6, 15), 23)
((3, 0, 1, 2, 5, 7, 8), 23)
((3, 0, 1, 2, 5, 7, 9), 23)
((3, 0, 1, 2, 5, 7, 10), 22)
((3, 0, 1, 2, 5, 7, 11), 23)
((3, 0, 1, 2, 5, 7, 12), 23)
((3, 0, 1, 2, 5, 7, 13), 23)
((3, 0, 1, 2, 5, 7, 14), 23)
((3, 0, 1, 2, 5, 7, 15), 23)
((3, 0, 1, 2, 5, 8, 9), 23)
((3, 0, 1, 2, 5, 8, 10), 24)
((3, 0, 1, 2, 5, 8, 11), 23)
((3, 0, 1, 2, 5, 8, 12), 23)
((3, 0, 1, 2, 5, 8, 13), 23)
((3, 0, 1, 2, 5, 8, 14), 22)
((3, 0, 1, 2, 5, 8, 15), 23)
((3, 0, 1, 2, 5, 9, 10), 23)
((3, 0, 1, 2, 5, 9, 11), 22)
((3, 0, 1, 2, 5, 9, 12), 23)
((3, 0, 1, 2, 5, 9, 13), 23)
((3, 0, 1, 2, 5, 9, 14), 23)
((3, 0, 1, 2, 5, 9, 15), 23)
((3, 0, 1, 2, 5, 10, 11), 23)
((3, 0, 1, 2, 5, 10, 12), 23)
((3, 0, 1, 2, 5, 10, 13), 23)
((3, 0, 1, 2, 5, 10, 14), 22)
((3, 0, 1, 2, 5, 10, 15), 22)
((3, 0, 1, 2, 5, 11, 12), 23)
((3, 0, 1, 2, 5, 11, 13), 22)
((3, 0, 1, 2, 5, 11, 14), 23)
((3, 0, 1, 2, 5, 11, 15), 23)
((3, 0, 1, 2, 5, 12, 13), 23)
((3, 0, 1, 2, 5, 12, 14), 23)
((3, 0, 1, 2, 5, 12, 15), 23)
((3, 0, 1, 2, 5, 13, 14), 22)
((3, 0, 1, 2, 5, 13, 15), 23)
((3, 0, 1, 2, 5, 14, 15), 23)
((3, 0, 1, 2, 6, 7, 8), 23)
((3, 0, 1, 2, 6, 7, 9), 22)
((3, 0, 1, 2, 6, 7, 10), 23)
((3, 0, 1, 2, 6, 7, 11), 23)
((3, 0, 1, 2, 6, 7, 12), 23)
((3, 0, 1, 2, 6, 7, 13), 23)
((3, 0, 1, 2, 6, 7, 14), 23)
((3, 0, 1, 2, 6, 7, 15), 21)
((3, 0, 1, 2, 6, 8, 9), 22)
((3, 0, 1, 2, 6, 8, 10), 23)
((3, 0, 1, 2, 6, 8, 11), 23)
((3, 0, 1, 2, 6, 8, 12), 23)
((3, 0, 1, 2, 6, 8, 13), 23)
((3, 0, 1, 2, 6, 8, 14), 23)
((3, 0, 1, 2, 6, 8, 15), 23)
((3, 0, 1, 2, 6, 9, 10), 23)
((3, 0, 1, 2, 6, 9, 11), 23)
((3, 0, 1, 2, 6, 9, 12), 23)
((3, 0, 1, 2, 6, 9, 13), 23)
((3, 0, 1, 2, 6, 9, 14), 23)
((3, 0, 1, 2, 6, 9, 15), 23)
((3, 0, 1, 2, 6, 10, 11), 23)
((3, 0, 1, 2, 6, 10, 12), 23)
((3, 0, 1, 2, 6, 10, 13), 23)
((3, 0, 1, 2, 6, 10, 14), 24)
((3, 0, 1, 2, 6, 10, 15), 23)
((3, 0, 1, 2, 6, 11, 12), 23)
((3, 0, 1, 2, 6, 11, 13), 23)
((3, 0, 1, 2, 6, 11, 14), 23)
((3, 0, 1, 2, 6, 11, 15), 23)
((3, 0, 1, 2, 6, 12, 13), 23)
((3, 0, 1, 2, 6, 12, 14), 23)
((3, 0, 1, 2, 6, 12, 15), 23)
((3, 0, 1, 2, 6, 13, 14), 23)
((3, 0, 1, 2, 6, 13, 15), 23)
((3, 0, 1, 2, 6, 14, 15), 23)
((3, 0, 1, 2, 7, 8, 9), 23)
((3, 0, 1, 2, 7, 8, 10), 23)
((3, 0, 1, 2, 7, 8, 11), 23)
((3, 0, 1, 2, 7, 8, 12), 23)
((3, 0, 1, 2, 7, 8, 13), 23)
((3, 0, 1, 2, 7, 8, 14), 23)
((3, 0, 1, 2, 7, 8, 15), 23)
((3, 0, 1, 2, 7, 9, 10), 23)
((3, 0, 1, 2, 7, 9, 11), 23)
((3, 0, 1, 2, 7, 9, 12), 22)
((3, 0, 1, 2, 7, 9, 13), 23)
((3, 0, 1, 2, 7, 9, 14), 23)
((3, 0, 1, 2, 7, 9, 15), 22)
((3, 0, 1, 2, 7, 10, 11), 23)
((3, 0, 1, 2, 7, 10, 12), 23)
((3, 0, 1, 2, 7, 10, 13), 22)
((3, 0, 1, 2, 7, 10, 14), 23)
((3, 0, 1, 2, 7, 10, 15), 23)
((3, 0, 1, 2, 7, 11, 12), 23)
((3, 0, 1, 2, 7, 11, 13), 23)
((3, 0, 1, 2, 7, 11, 14), 23)
((3, 0, 1, 2, 7, 11, 15), 23)
((3, 0, 1, 2, 7, 12, 13), 23)
((3, 0, 1, 2, 7, 12, 14), 23)
((3, 0, 1, 2, 7, 12, 15), 23)
((3, 0, 1, 2, 7, 13, 14), 23)
((3, 0, 1, 2, 7, 13, 15), 24)
((3, 0, 1, 2, 7, 14, 15), 23)
((3, 0, 1, 2, 8, 9, 10), 23)
((3, 0, 1, 2, 8, 9, 11), 23)
((3, 0, 1, 2, 8, 9, 12), 23)
((3, 0, 1, 2, 8, 9, 13), 23)
((3, 0, 1, 2, 8, 9, 14), 23)
((3, 0, 1, 2, 8, 9, 15), 23)
((3, 0, 1, 2, 8, 10, 11), 22)
((3, 0, 1, 2, 8, 10, 12), 23)
((3, 0, 1, 2, 8, 10, 13), 22)
((3, 0, 1, 2, 8, 10, 14), 24)
((3, 0, 1, 2, 8, 10, 15), 23)
((3, 0, 1, 2, 8, 11, 12), 23)
((3, 0, 1, 2, 8, 11, 13), 23)
((3, 0, 1, 2, 8, 11, 14), 23)
((3, 0, 1, 2, 8, 11, 15), 23)
((3, 0, 1, 2, 8, 12, 13), 22)
((3, 0, 1, 2, 8, 12, 14), 23)
((3, 0, 1, 2, 8, 12, 15), 23)
((3, 0, 1, 2, 8, 13, 14), 23)
((3, 0, 1, 2, 8, 13, 15), 23)
((3, 0, 1, 2, 8, 14, 15), 23)
((3, 0, 1, 2, 9, 10, 11), 23)
((3, 0, 1, 2, 9, 10, 12), 23)
((3, 0, 1, 2, 9, 10, 13), 23)
((3, 0, 1, 2, 9, 10, 14), 23)
((3, 0, 1, 2, 9, 10, 15), 23)
((3, 0, 1, 2, 9, 11, 12), 23)
((3, 0, 1, 2, 9, 11, 13), 23)
((3, 0, 1, 2, 9, 11, 14), 23)
((3, 0, 1, 2, 9, 11, 15), 22)
((3, 0, 1, 2, 9, 12, 13), 23)
((3, 0, 1, 2, 9, 12, 14), 23)
((3, 0, 1, 2, 9, 12, 15), 23)
((3, 0, 1, 2, 9, 13, 14), 23)
((3, 0, 1, 2, 9, 13, 15), 22)
((3, 0, 1, 2, 9, 14, 15), 23)
((3, 0, 1, 2, 10, 11, 12), 22)
((3, 0, 1, 2, 10, 11, 13), 23)
((3, 0, 1, 2, 10, 11, 14), 23)
((3, 0, 1, 2, 10, 11, 15), 23)
((3, 0, 1, 2, 10, 12, 13), 23)
((3, 0, 1, 2, 10, 12, 14), 23)
((3, 0, 1, 2, 10, 12, 15), 23)
((3, 0, 1, 2, 10, 13, 14), 23)
((3, 0, 1, 2, 10, 13, 15), 23)
((3, 0, 1, 2, 10, 14, 15), 23)
((3, 0, 1, 2, 11, 12, 13), 23)
((3, 0, 1, 2, 11, 12, 14), 23)
((3, 0, 1, 2, 11, 12, 15), 23)
((3, 0, 1, 2, 11, 13, 14), 22)
((3, 0, 1, 2, 11, 13, 15), 23)
((3, 0, 1, 2, 11, 14, 15), 23)
((3, 0, 1, 2, 12, 13, 14), 23)
((3, 0, 1, 2, 12, 13, 15), 23)
((3, 0, 1, 2, 12, 14, 15), 22)
((3, 0, 1, 2, 13, 14, 15), 23)
min #sbox = 21
